attendance,prior_grades,study_hours,participation,assignments,stress_level,sleep_hours,performance
74,7.58,2.1,4,8,4,6.02,Low
100,8.3,4.84,5,9,2,6.52,High
68,1.4,0.47,4,8,5,8.51,Low
69,0.99,0.37,10,5,4,6.8,Low
72,4.34,3.05,3,8,4,6.21,Low
83,2.6,4.03,8,0,1,7.6,Low
75,7.1,3.93,10,0,5,6.47,Low
71,2.44,1.63,1,3,5,5.11,Low
59,8.03,2.24,1,5,5,8.99,Low
81,1.09,2.76,1,8,3,8.07,Low
84,2.03,4.0,8,9,3,6.22,Low
88,7.98,1.59,3,4,2,4.95,Low
61,0.33,4.91,4,7,1,4.45,Low
98,1.3,0.75,0,1,5,7.42,Low
95,5.25,2.61,3,3,5,8.13,Low
76,5.8,2.25,10,10,3,4.41,Low
89,1.15,2.94,5,3,2,4.08,Low
67,1.17,1.1,2,5,4,8.08,Low
56,7.83,4.28,3,0,5,7.17,Low
84,6.02,0.37,1,10,2,7.03,Low
86,1.2,0.46,1,0,5,4.11,Low
61,7.18,2.4,0,10,1,6.72,Low
89,1.02,1.3,3,1,3,5.75,Low
61,0.61,2.34,9,1,4,5.0,Low
72,9.04,2.35,9,2,2,8.83,Low
53,7.89,0.79,2,5,5,5.25,Low
88,9.21,3.33,0,7,4,8.5,High
82,9.18,3.24,6,10,3,4.77,High
94,0.12,3.71,5,0,5,5.4,Low
65,7.62,2.41,9,4,3,6.95,Low
90,8.54,0.66,4,6,4,8.14,Low
55,0.02,0.96,5,2,2,5.12,Low
78,3.79,4.38,9,6,1,6.01,Low
94,5.67,3.86,0,2,4,4.32,Low
94,1.58,2.64,7,8,5,7.78,Low
52,4.95,1.56,7,0,4,4.94,Low
90,9.79,4.19,2,0,4,8.75,High
76,3.16,1.07,0,10,5,7.06,Low
62,1.19,3.25,4,4,2,4.5,Low
75,6.28,0.11,7,1,3,4.67,Low
83,8.17,3.22,1,2,3,8.26,High
52,0.41,3.4,8,5,3,8.69,Low
52,8.46,4.81,9,10,4,7.56,Low
79,6.4,1.86,8,2,2,5.88,Low
68,0.09,0.76,5,5,3,7.59,Low
71,7.79,0.18,4,2,2,8.91,Low
68,3.61,4.95,2,4,1,6.39,Low
65,9.34,1.54,8,1,3,6.02,Low
71,2.99,0.54,8,7,4,5.69,Low
71,1.24,0.58,7,6,1,5.51,Low
97,6.87,0.78,2,10,5,5.88,Low
90,0.87,4.04,3,3,1,5.92,Low
56,3.94,2.6,7,7,5,7.57,Low
63,4.23,1.84,4,9,2,6.16,Low
72,1.15,4.11,0,8,4,7.76,Low
62,1.19,1.99,3,10,1,8.99,Low
63,6.23,0.52,7,6,3,6.73,Low
59,1.05,2.98,7,2,5,6.03,Low
93,4.23,2.61,10,5,4,8.99,Low
90,6.7,1.01,9,3,1,5.7,Low
97,8.99,4.09,0,8,2,8.37,High
88,7.84,4.21,9,4,4,4.33,High
55,5.17,4.58,1,3,2,4.2,Low
50,7.59,2.24,2,2,4,8.84,Low
82,3.82,2.65,0,9,1,7.39,Low
83,7.58,4.95,6,3,3,6.68,High
88,4.18,4.86,6,9,5,5.17,Low
51,6.57,0.0,2,4,5,6.85,Low
71,0.66,4.3,4,6,4,8.05,Low
53,1.64,4.68,3,4,3,4.28,Low
52,4.81,0.7,9,1,2,8.05,Low
72,4.11,3.06,6,7,1,4.51,Low
99,1.51,0.16,9,2,3,4.53,Low
85,6.49,0.97,7,1,1,7.05,Low
79,6.14,4.67,10,1,5,5.48,High
58,9.58,1.94,4,10,1,6.6,Low
100,9.96,0.19,6,7,3,7.78,Low
79,3.57,3.16,0,0,4,5.28,Low
51,9.45,3.33,9,3,2,4.47,Low
90,7.79,3.49,6,8,3,8.73,High
59,4.26,2.83,1,1,4,4.31,Low
76,7.74,3.67,0,7,4,7.43,High
51,4.97,4.32,5,4,1,5.76,Low
57,3.59,0.15,5,2,1,8.15,Low
64,8.19,0.35,2,3,1,5.02,Low
93,7.32,4.5,0,4,3,7.45,High
88,2.33,0.71,7,1,4,5.72,Low
66,1.3,4.83,5,5,4,8.8,Low
68,9.37,4.79,10,5,2,6.97,Low
55,1.03,2.9,2,6,2,8.73,Low
64,3.16,1.21,2,4,3,6.1,Low
52,8.61,3.01,6,1,1,4.66,Low
69,5.51,3.7,2,9,4,5.49,Low
72,0.85,2.22,5,10,5,4.29,Low
76,0.08,4.81,5,7,2,5.86,Low
80,0.91,0.93,1,4,1,6.79,Low
94,1.54,3.51,6,2,4,6.16,Low
65,9.6,1.7,8,2,3,6.31,Low
90,0.86,3.78,4,0,4,7.09,Low
50,2.19,0.57,10,4,5,7.05,Low
77,7.06,2.36,10,7,2,6.72,High
75,2.8,4.92,1,4,1,4.0,Low
75,5.26,2.91,6,7,1,7.73,Low
72,2.83,3.78,3,9,1,4.18,Low
100,2.62,2.67,1,8,2,8.45,Low
98,1.64,2.07,4,4,5,4.67,Low
83,6.27,2.66,6,10,5,6.02,High
99,9.04,1.39,7,5,5,7.14,Low
60,1.23,0.6,6,9,4,4.7,Low
92,2.99,3.16,6,3,4,6.44,Low
82,3.18,3.26,0,7,3,4.71,Low
81,0.52,3.11,0,5,4,5.95,Low
50,8.46,4.89,10,1,4,4.03,Low
52,1.16,0.02,4,10,3,7.64,Low
64,1.41,2.86,3,1,4,6.3,Low
71,3.84,1.65,10,10,4,4.74,Low
95,1.48,1.58,3,2,4,5.75,Low
74,4.27,2.46,3,3,4,8.7,Low
87,7.1,4.53,0,3,1,8.36,High
73,0.57,3.19,2,3,5,5.49,Low
55,7.05,2.56,4,5,4,6.29,Low
90,6.97,3.33,10,8,4,6.9,High
81,2.55,2.38,5,4,1,4.22,Low
60,3.5,1.45,0,2,1,7.93,Low
93,2.22,3.04,8,3,4,4.96,Low
88,1.02,4.41,5,5,5,6.28,Low
70,2.55,2.61,3,5,1,5.05,Low
83,3.46,4.19,4,10,3,5.56,Low
74,2.55,1.72,3,0,3,8.67,Low
54,0.09,2.48,7,0,4,8.89,Low
79,4.4,0.43,3,1,2,6.07,Low
63,4.41,0.39,6,8,4,4.2,Low
61,2.5,1.1,4,5,3,8.97,Low
56,5.57,1.43,8,3,3,7.89,Low
82,6.05,2.68,4,4,2,4.08,High
89,7.83,0.49,6,3,2,5.42,Low
97,9.97,0.03,8,8,4,8.3,Low
57,3.85,1.36,9,5,2,7.37,Low
95,5.47,1.41,3,1,5,5.54,Low
70,2.34,3.14,4,9,2,4.69,Low
50,5.53,1.64,9,10,1,8.06,Low
75,1.55,0.88,1,2,2,7.91,Low
99,4.97,3.84,3,3,2,8.08,Low
98,3.85,3.04,2,10,4,8.5,Low
56,6.16,0.13,9,5,4,6.28,Low
50,9.59,2.78,2,10,4,8.05,Low
97,4.81,1.57,1,4,2,7.02,Low
95,1.91,1.58,4,6,1,5.04,Low
70,7.26,4.81,5,7,2,5.3,Low
92,1.62,0.08,9,8,1,7.66,Low
59,3.53,2.46,0,0,2,4.22,Low
64,9.46,1.63,0,5,4,4.68,Low
63,4.49,0.71,4,2,3,7.64,Low
100,7.47,1.91,6,4,5,6.66,Low
97,9.81,3.52,0,9,1,6.04,High
74,1.71,2.5,9,10,5,8.2,Low
94,1.48,1.65,2,3,1,8.78,Low
60,7.43,4.19,8,2,1,6.14,Low
88,1.04,3.14,2,9,5,4.2,Low
71,8.06,3.66,0,10,1,6.48,Low
72,2.93,0.75,3,8,3,4.81,Low
98,4.05,1.35,7,6,1,5.55,Low
68,5.5,4.89,8,9,5,5.31,Low
93,0.38,1.98,1,6,3,6.48,Low
51,2.73,4.98,4,10,5,7.51,Low
68,9.95,3.81,8,8,3,5.93,Low
66,2.09,2.83,5,3,5,7.37,Low
84,6.81,1.77,2,5,1,6.92,Low
53,5.65,4.76,5,4,3,5.62,Low
100,4.04,2.16,2,0,2,6.84,Low
78,1.26,4.65,7,10,3,7.74,Low
62,0.7,4.68,4,2,5,4.85,Low
92,6.39,2.9,8,10,5,7.03,High
98,4.35,1.56,0,6,3,8.73,Low
84,5.27,1.59,5,3,4,7.96,Low
50,7.5,0.78,10,9,4,5.8,Low
52,5.62,2.06,9,3,1,5.81,Low
60,6.8,3.15,10,7,1,7.65,Low
65,5.72,1.21,2,6,1,6.87,Low
65,7.44,2.25,8,1,2,4.82,Low
54,9.28,3.17,4,4,4,8.41,Low
99,3.56,1.64,4,0,4,4.05,Low
66,2.03,1.99,6,10,4,7.49,Low
52,5.83,1.77,9,2,5,7.55,Low
70,8.22,1.99,8,2,1,4.41,Low
72,3.61,0.35,1,10,5,6.36,Low
70,9.28,4.23,0,5,4,8.53,Low
98,6.36,2.03,2,9,2,6.02,High
69,5.11,0.81,2,7,1,7.65,Low
83,0.43,2.77,10,6,2,5.72,Low
87,8.13,0.4,2,4,2,8.0,Low
70,7.0,1.27,4,8,4,8.99,Low
59,7.57,2.24,2,0,5,4.88,Low
82,0.34,3.79,1,3,4,7.05,Low
79,5.22,3.55,10,2,4,7.86,Low
53,5.43,4.1,5,0,1,4.52,Low
88,3.52,2.26,6,8,3,8.94,Low
90,1.19,1.58,0,2,2,4.1,Low
88,1.93,2.07,0,4,4,8.56,Low
88,7.68,3.56,5,1,4,4.27,High
72,6.04,3.1,4,10,3,6.81,Low
79,4.12,0.15,4,3,4,4.32,Low
56,1.23,1.75,2,6,5,7.45,Low
50,3.23,3.95,7,7,1,8.29,Low
84,8.62,3.95,4,0,5,4.48,High
55,3.34,4.78,7,0,2,8.55,Low
90,8.05,4.8,0,6,3,4.78,High
85,6.96,0.8,2,10,2,8.72,Low
89,3.28,0.12,10,10,4,4.22,Low
65,6.36,1.64,3,5,2,4.82,Low
76,4.63,4.38,2,6,5,7.85,Low
60,9.3,0.03,6,2,2,4.1,Low
70,5.1,0.19,1,9,5,4.74,Low
59,6.74,1.9,0,6,4,6.84,Low
93,3.33,1.24,2,5,5,5.08,Low
75,0.73,2.04,10,5,1,6.16,Low
77,2.46,1.91,6,3,4,5.99,Low
87,0.69,1.26,4,8,3,6.71,Low
88,6.12,2.37,3,4,1,7.05,High
75,9.64,0.53,0,2,4,4.13,Low
76,7.31,4.88,6,1,4,7.02,High
60,1.7,2.37,2,9,3,7.81,Low
57,9.33,1.73,10,5,4,7.15,Low
98,0.54,4.39,4,2,5,5.62,Low
74,6.34,1.46,6,0,4,5.35,Low
96,2.08,0.67,1,9,3,4.83,Low
77,5.77,2.32,10,10,1,7.89,Low
84,7.26,0.69,2,3,2,5.14,Low
83,1.36,2.47,9,4,3,7.42,Low
76,7.73,1.31,2,5,5,8.84,Low
84,6.95,4.56,8,4,2,8.4,High
74,3.47,4.74,8,4,4,8.98,Low
56,6.83,0.77,0,9,5,7.17,Low
83,1.07,3.9,3,9,5,8.91,Low
57,2.67,3.66,2,6,1,7.97,Low
50,1.15,1.81,7,5,1,7.38,Low
73,5.84,1.27,7,3,2,6.81,Low
54,7.81,2.54,2,0,2,8.39,Low
83,4.09,3.3,7,10,4,5.32,Low
87,1.34,1.94,7,9,1,8.58,Low
55,6.44,2.03,3,8,4,4.2,Low
89,1.02,4.17,7,8,4,6.36,Low
61,2.3,1.82,4,9,2,6.28,Low
54,4.78,2.83,6,8,1,5.33,Low
64,8.14,1.48,5,1,2,7.29,Low
53,8.23,0.68,8,3,1,4.17,Low
75,5.58,3.78,7,1,4,6.8,Low
99,3.43,0.49,0,3,2,6.49,Low
69,2.74,0.04,5,8,3,4.46,Low
69,5.74,1.13,5,6,2,5.16,Low
62,7.42,2.41,5,4,4,7.06,Low
99,1.19,1.78,7,3,3,7.16,Low
72,4.32,1.8,6,4,1,6.4,Low
68,1.21,0.77,3,2,3,6.5,Low
57,6.81,4.88,7,8,4,8.9,Low
86,8.28,1.1,6,8,3,6.43,Low
70,5.18,0.01,7,5,4,8.45,Low
64,8.21,2.16,0,9,1,6.03,Low
66,2.0,1.63,1,2,3,4.14,Low
52,0.08,2.67,2,1,5,7.03,Low
62,0.82,2.33,0,8,5,8.23,Low
54,5.37,4.63,3,6,4,6.37,Low
50,4.36,1.91,0,9,3,4.14,Low
72,7.04,4.14,10,7,2,6.98,Low
55,2.52,0.52,1,4,1,7.46,Low
89,7.72,0.68,3,9,3,5.01,Low
82,5.0,2.8,7,1,5,8.47,Low
80,1.79,2.74,2,6,3,5.89,Low
86,5.05,4.1,3,7,2,5.76,Low
99,9.35,0.12,0,8,4,8.79,Low
99,4.46,2.15,4,7,4,4.7,Low
78,2.84,3.27,9,2,5,7.42,Low
62,3.0,2.59,10,1,1,4.78,Low
52,3.34,3.11,2,7,4,7.39,Low
76,4.96,0.84,0,5,5,4.94,Low
70,1.83,4.62,9,9,4,4.76,Low
94,6.18,4.49,9,3,5,6.21,High
65,4.88,3.02,5,8,2,4.0,Low
53,1.34,2.22,10,9,2,7.3,Low
56,8.62,3.79,6,10,3,8.43,Low
71,4.93,0.96,5,8,3,7.59,Low
75,4.39,3.32,7,1,2,5.1,Low
57,7.52,4.77,6,7,5,5.05,Low
73,7.04,0.11,3,1,4,6.93,Low
100,4.11,1.05,0,10,2,6.65,Low
81,3.09,2.72,1,1,5,8.85,Low
81,7.52,1.02,9,5,3,4.42,Low
51,7.67,1.2,0,9,5,5.84,Low
79,2.58,2.97,4,3,4,5.92,Low
82,9.27,1.14,9,4,1,4.22,Low
70,6.27,2.82,1,8,4,6.17,Low
74,7.29,0.12,6,9,2,7.81,Low
51,1.19,2.15,0,10,3,5.32,Low
57,3.44,1.87,10,3,5,6.71,Low
71,5.15,0.07,7,0,3,5.66,Low
72,9.96,0.5,8,6,1,5.26,Low
56,5.21,4.31,9,2,4,4.17,Low
100,2.23,0.48,3,2,2,6.0,Low
88,6.98,2.19,2,4,3,8.87,High
85,8.52,1.08,5,2,3,6.81,Low
99,7.7,0.42,5,4,3,4.18,Low
89,0.14,4.02,2,4,2,6.56,Low
72,8.65,0.44,8,8,4,4.61,Low
87,9.79,4.98,2,4,2,7.14,High
93,6.99,0.16,0,10,3,4.38,Low
92,3.13,4.89,10,4,1,7.92,Low
65,8.49,3.46,2,4,5,4.28,Low
74,4.19,2.91,4,5,5,6.45,Low
78,7.08,2.12,2,8,1,5.16,High
80,3.84,1.19,4,1,2,8.52,Low
78,0.15,3.77,8,6,1,6.64,Low
81,2.82,2.02,7,0,2,7.55,Low
83,3.57,1.25,3,4,2,4.93,Low
66,5.44,0.91,6,2,2,7.79,Low
58,8.81,2.91,2,3,5,8.94,Low
69,7.99,4.28,0,7,2,4.31,Low
60,3.81,1.94,6,8,5,6.47,Low
58,8.56,2.66,1,0,2,7.73,Low
78,6.74,4.92,5,10,4,5.29,High
54,8.93,0.79,3,3,1,7.81,Low
53,5.11,0.34,7,3,4,7.55,Low
98,6.62,3.0,8,4,1,6.99,High
72,6.67,1.84,4,8,3,4.67,Low
80,8.07,4.68,3,9,4,5.7,High
69,4.4,2.38,4,5,3,8.27,Low
88,3.81,2.89,8,4,5,8.22,Low
62,4.31,1.33,2,8,2,8.04,Low
83,7.57,2.66,8,10,4,8.59,High
66,4.33,2.28,10,8,1,7.95,Low
62,9.68,2.29,1,0,2,6.99,Low
66,9.79,4.72,3,2,5,4.87,Low
92,3.6,4.06,0,10,1,4.1,Low
60,8.31,1.55,3,6,4,7.69,Low
72,0.88,2.16,1,0,2,4.07,Low
84,2.73,3.69,6,3,3,4.92,Low
61,4.96,0.76,9,8,4,6.93,Low
64,9.06,0.27,9,0,2,6.51,Low
76,3.1,3.16,10,9,2,7.57,Low
71,9.72,1.58,10,4,4,8.89,Low
88,9.13,1.35,10,1,4,8.02,Low
60,8.98,2.56,8,6,5,6.24,Low
92,1.59,4.62,2,10,1,6.92,Low
57,8.39,3.73,7,4,1,7.42,Low
77,2.62,3.93,10,5,5,8.13,Low
54,0.08,3.04,2,1,4,5.93,Low
80,8.86,1.57,2,1,4,7.22,Low
97,9.86,0.24,6,0,1,7.0,Low
75,1.32,3.66,4,6,4,8.46,Low
84,0.55,4.18,8,2,5,8.71,Low
58,6.44,2.94,2,1,5,6.35,Low
67,2.53,2.02,0,10,1,6.62,Low
99,0.7,0.05,4,2,2,8.16,Low
82,1.35,4.98,5,0,3,8.19,Low
71,5.78,0.31,5,3,3,6.26,Low
93,4.85,2.68,1,1,3,6.19,Low
99,4.03,2.4,6,8,1,8.53,Low
59,6.44,4.14,8,5,2,8.4,Low
59,1.56,1.92,9,1,1,6.62,Low
86,3.03,4.69,7,6,5,8.07,Low
97,6.7,3.11,8,5,2,7.89,High
52,7.25,3.91,5,5,5,4.03,Low
86,0.77,0.55,6,9,2,6.73,Low
83,5.08,4.87,9,5,1,8.71,Low
61,3.41,2.43,6,0,2,7.27,Low
80,7.43,4.44,10,2,1,7.81,High
80,5.26,4.99,2,6,3,7.42,Low
87,4.84,4.57,7,9,5,8.13,Low
92,1.73,2.21,9,5,4,6.84,Low
90,1.44,2.15,3,5,4,5.48,Low
63,2.55,1.21,9,5,4,5.19,Low
71,6.24,0.73,3,2,3,6.75,Low
84,7.05,2.98,7,7,2,7.46,High
88,3.58,1.25,1,8,4,8.52,Low
68,3.9,2.56,5,6,3,7.65,Low
52,1.92,0.99,2,8,4,4.4,Low
82,2.88,2.43,5,10,4,4.27,Low
57,8.93,1.67,2,4,5,7.6,Low
78,3.09,4.5,7,5,2,8.73,Low
55,7.26,4.98,10,1,5,8.95,Low
92,5.83,1.65,9,1,5,5.17,Low
52,7.89,4.12,4,1,5,8.35,Low
95,1.28,4.46,9,8,2,5.39,Low
60,9.09,2.95,3,2,2,8.38,Low
66,4.96,1.52,9,4,2,4.39,Low
92,4.07,4.76,3,9,1,5.76,Low
92,4.8,0.63,4,1,5,8.26,Low
67,7.92,3.68,0,2,2,7.7,Low
93,0.03,0.64,7,8,1,6.52,Low
64,6.7,2.28,10,7,2,8.7,Low
90,7.34,3.38,3,1,3,6.45,High
72,5.39,4.85,3,4,5,5.96,Low
61,3.76,4.77,10,1,5,8.26,Low
95,8.7,4.58,2,6,3,8.48,High
84,1.95,3.96,1,4,4,8.87,Low
74,5.12,1.72,6,6,5,4.63,Low
95,7.12,2.85,10,0,3,7.08,High
83,7.61,4.94,3,7,2,5.96,High
55,0.98,2.01,8,10,4,7.75,Low
60,0.32,1.17,1,9,4,6.03,Low
85,2.13,0.99,7,1,2,8.62,Low
56,5.13,3.02,8,9,5,7.2,Low
77,6.01,4.32,4,10,4,7.2,High
88,7.89,1.75,3,10,1,8.87,Low
78,2.15,3.41,0,2,2,6.27,Low
55,6.04,4.18,4,6,3,7.69,Low
92,8.97,1.49,10,1,5,4.62,Low
81,3.71,3.11,1,3,2,6.05,Low
65,8.57,2.42,2,8,3,7.7,Low
59,1.16,1.61,10,1,3,8.52,Low
62,2.0,1.48,6,10,4,5.97,Low
59,4.41,1.44,10,2,5,4.94,Low
88,4.89,0.78,2,9,4,5.32,Low
63,1.17,0.79,7,8,4,8.68,Low
52,2.99,2.35,1,10,3,7.24,Low
56,1.01,1.23,0,0,5,4.43,Low
66,7.37,1.28,8,6,2,5.19,Low
57,6.79,2.91,8,2,4,7.25,Low
90,2.43,1.13,9,10,2,8.32,Low
59,8.48,4.05,9,9,2,4.34,Low
67,0.95,3.11,9,4,5,6.1,Low
52,7.08,0.71,7,0,3,5.66,Low
90,4.08,4.53,4,10,2,5.06,Low
55,5.93,0.72,8,3,4,5.6,Low
50,7.65,2.1,8,8,2,7.55,Low
95,5.69,2.67,6,3,3,4.47,Low
91,6.36,1.18,10,4,3,4.42,Low
59,4.5,1.93,10,7,1,7.16,Low
99,2.85,3.11,6,7,5,8.21,Low
97,5.18,0.8,0,4,1,8.2,Low
95,2.57,2.42,7,4,5,6.02,Low
88,4.97,4.75,2,0,2,5.69,Low
95,7.07,4.07,10,0,4,5.55,High
89,7.21,0.96,6,2,1,5.25,Low
98,7.21,2.36,2,10,3,6.14,High
77,4.1,2.92,1,8,4,4.66,Low
50,9.5,2.62,6,10,4,5.19,Low
90,7.21,2.11,10,4,5,4.85,High
67,5.27,2.79,10,5,1,8.84,Low
50,0.93,3.77,7,3,2,5.87,Low
92,5.71,1.31,2,7,4,4.07,Low
50,1.07,3.62,4,8,1,6.51,Low
69,8.89,0.51,9,4,1,5.23,Low
57,6.84,2.22,2,7,3,8.52,Low
94,1.68,3.52,9,0,5,5.89,Low
57,1.0,0.41,6,3,3,7.62,Low
64,4.63,2.97,8,5,2,6.13,Low
50,5.89,4.85,9,3,3,5.73,Low
70,4.73,4.26,7,4,3,5.36,Low
60,1.87,1.11,7,5,1,5.86,Low
89,7.88,3.51,10,3,1,8.91,High
79,7.29,4.09,2,3,4,8.76,High
88,3.32,0.66,7,6,4,7.96,Low
78,3.68,0.99,3,1,4,8.96,Low
92,0.88,2.6,10,8,4,7.07,Low
63,0.79,0.11,7,5,1,4.99,Low
68,8.32,4.33,6,7,5,7.51,Low
54,9.82,0.43,6,10,4,5.9,Low
91,6.96,3.2,3,4,4,8.86,High
85,0.01,2.17,4,10,4,4.77,Low
93,8.25,4.59,6,9,5,5.51,High
85,3.7,2.09,9,10,2,5.73,Low
77,4.39,2.2,1,10,2,8.95,Low
64,3.77,3.12,2,2,4,8.39,Low
99,1.0,4.72,0,3,2,4.05,Low
83,9.88,4.59,6,10,4,4.9,High
75,4.4,4.79,0,2,4,4.79,Low
56,6.61,2.37,4,4,3,5.96,Low
87,8.2,1.66,7,1,1,7.83,Low
95,8.29,1.1,7,10,3,6.74,Low
63,3.78,0.34,0,0,1,5.84,Low
68,3.09,0.01,9,0,2,8.37,Low
60,4.7,0.41,2,0,5,4.67,Low
56,0.77,0.33,10,1,2,8.1,Low
81,4.33,0.58,7,8,2,6.7,Low
58,8.55,3.65,6,8,2,4.4,Low
82,9.58,3.65,8,3,1,7.65,High
74,8.96,2.64,5,8,5,6.73,Low
69,2.42,3.47,2,9,4,8.25,Low
73,7.35,4.71,8,5,1,4.04,Low
59,2.58,3.41,3,10,2,4.93,Low
81,7.35,3.33,4,4,2,8.36,High
61,9.17,1.76,5,3,1,6.51,Low
81,1.45,1.26,3,10,1,7.09,Low
94,2.43,4.0,1,4,4,6.79,Low
52,6.38,1.16,0,6,5,5.35,Low
60,9.2,0.23,4,1,3,7.24,Low
50,7.74,1.33,10,2,3,5.85,Low
83,6.34,0.85,3,9,5,6.97,Low
76,2.85,3.47,0,4,1,4.15,Low
88,1.59,0.86,6,3,5,6.74,Low
62,9.15,0.16,8,3,4,8.38,Low
92,4.5,3.1,5,5,3,4.59,Low
100,0.17,1.82,7,3,4,7.82,Low
50,6.67,4.65,9,7,4,7.79,Low
60,1.54,2.14,7,10,2,5.26,Low
94,9.33,4.54,0,4,2,4.49,High
59,2.5,1.99,8,10,4,5.6,Low
96,4.24,2.32,4,9,3,5.29,Low
96,2.85,3.04,0,7,5,8.74,Low
62,4.22,3.66,6,0,1,6.07,Low
55,9.52,1.39,0,0,4,7.39,Low
74,9.48,1.75,7,8,4,6.78,Low
96,7.03,2.37,2,9,1,7.04,High
63,3.08,0.33,1,2,5,6.27,Low
58,9.83,2.49,7,2,4,7.91,Low
66,4.91,3.55,3,0,3,8.61,Low
66,3.94,2.68,9,1,3,8.47,Low
82,1.4,0.32,5,3,1,4.13,Low
80,0.78,2.62,2,10,4,6.82,Low
86,2.58,1.51,2,7,3,4.21,Low
56,8.82,3.12,1,4,3,8.98,Low
73,1.8,0.04,7,6,4,7.16,Low
55,4.18,1.33,7,6,4,8.43,Low
59,4.29,1.03,6,10,2,5.34,Low
58,4.65,1.81,7,5,2,4.81,Low
58,7.05,4.02,7,2,1,6.68,Low
88,4.45,1.59,1,10,3,4.82,Low
72,6.62,4.99,1,6,3,7.79,Low
69,3.33,3.81,0,3,3,7.2,Low
60,8.48,0.8,3,1,5,8.48,Low
95,1.06,1.89,1,6,4,6.42,Low
59,7.07,0.29,1,2,1,8.17,Low
88,8.92,1.41,9,9,1,5.08,Low
97,9.0,4.23,6,2,5,6.26,High
67,7.64,3.13,10,6,3,8.46,Low
61,9.16,4.13,1,3,5,8.08,Low
99,3.58,3.68,10,1,3,6.58,Low
100,9.98,2.29,0,2,3,4.88,High
64,9.29,0.33,7,6,1,5.8,Low
64,1.21,0.67,3,9,5,5.57,Low
81,8.6,2.95,10,7,5,8.93,High
67,7.74,0.09,10,9,2,5.36,Low
82,5.48,4.17,4,7,2,4.55,Low
79,5.3,2.64,9,9,5,7.69,Low
74,8.7,1.59,5,3,3,8.96,Low
59,5.2,3.69,0,7,2,4.01,Low
85,8.5,4.26,1,0,3,8.54,High
92,1.94,0.31,0,3,2,8.47,Low
73,9.55,4.93,8,9,3,8.48,Low
63,3.92,0.2,3,9,1,8.43,Low
97,0.11,0.77,3,1,5,7.18,Low
100,3.16,1.4,4,7,3,6.62,Low
81,3.3,1.33,4,7,5,5.66,Low
92,3.35,2.02,4,0,2,8.2,Low
95,4.67,1.49,6,10,2,8.6,Low
61,4.77,4.76,2,9,2,4.39,Low
67,5.03,2.53,9,2,4,4.61,Low
65,4.34,0.92,0,8,1,7.52,Low
55,7.9,3.61,9,2,2,6.81,Low
91,3.59,0.5,6,7,2,5.68,Low
83,2.03,1.12,9,9,4,7.02,Low
56,1.4,4.2,1,3,2,4.89,Low
94,2.66,3.96,5,2,4,8.94,Low
71,5.46,3.77,6,0,1,4.94,Low
77,8.85,4.01,6,9,1,5.64,High
80,6.08,1.48,6,0,3,5.66,Low
55,5.6,4.72,0,9,2,8.28,Low
97,5.58,2.84,10,7,1,7.96,Low
67,4.68,0.15,0,7,1,4.66,Low
69,3.3,3.03,7,7,1,7.05,Low
59,4.14,0.13,2,9,2,4.39,Low
98,5.12,2.26,8,10,2,8.54,Low
71,1.32,4.66,5,9,2,8.07,Low
55,2.42,1.01,10,3,1,7.97,Low
74,3.3,1.78,4,7,5,7.75,Low
52,3.12,2.23,3,7,1,6.61,Low
88,7.3,4.95,5,3,5,5.74,High
60,1.77,3.58,3,1,3,7.68,Low
59,3.02,1.28,9,2,4,4.14,Low
54,8.23,4.63,6,1,1,7.38,Low
65,5.36,1.08,7,8,5,7.97,Low
99,1.7,4.48,9,9,5,4.24,Low
78,7.76,1.07,0,7,1,4.08,Low
53,5.94,0.86,10,3,5,5.45,Low
97,9.92,0.44,5,8,1,8.42,Low
89,3.34,1.55,8,3,5,5.52,Low
86,4.13,0.35,4,5,1,5.5,Low
59,3.52,3.62,10,9,4,4.04,Low
64,8.21,2.85,4,0,2,7.45,Low
79,5.38,3.24,0,10,1,7.99,Low
58,3.93,2.99,3,10,5,4.54,Low
52,3.95,4.08,2,6,1,7.35,Low
90,4.2,1.0,8,5,5,5.23,Low
52,4.15,2.56,10,0,2,5.69,Low
96,1.84,0.99,0,3,1,5.47,Low
70,3.3,1.52,2,2,5,7.6,Low
67,0.55,1.91,1,9,4,4.81,Low
74,7.85,2.05,6,2,5,7.16,Low
89,6.89,1.81,0,10,5,6.62,Low
63,5.13,2.43,9,1,5,4.56,Low
60,3.03,1.6,2,9,5,7.1,Low
61,5.46,1.28,5,2,1,6.58,Low
95,4.45,3.07,6,0,2,6.95,Low
62,3.37,0.53,4,7,3,8.16,Low
53,9.96,3.49,5,4,2,8.58,Low
64,2.41,4.15,3,10,4,4.61,Low
66,6.65,4.85,5,6,1,8.39,Low
92,0.44,2.17,1,4,2,6.56,Low
97,0.86,4.84,8,6,5,5.76,Low
59,7.98,1.44,4,2,4,8.5,Low
65,9.4,4.24,8,9,2,4.39,Low
62,3.58,1.34,5,1,2,6.32,Low
90,3.51,0.65,7,6,4,5.59,Low
89,3.12,0.7,0,6,1,6.32,Low
61,0.68,0.56,6,3,3,7.13,Low
77,9.42,4.73,4,8,1,6.83,High
75,9.86,2.06,5,3,2,4.82,Low
91,1.08,0.58,9,2,3,5.79,Low
82,2.46,3.89,9,9,2,8.86,Low
61,7.61,4.34,5,2,1,6.57,Low
88,8.92,0.51,8,1,4,6.61,Low
94,9.22,2.47,5,9,1,5.04,High
90,9.25,1.29,5,3,5,8.52,Low
66,7.23,3.72,1,7,2,4.19,Low
56,4.39,3.54,5,4,4,4.09,Low
96,3.21,1.21,5,5,3,8.55,Low
95,3.75,0.09,10,9,5,5.54,Low
100,6.03,2.73,1,5,1,6.17,High
55,8.35,0.25,8,4,2,7.77,Low
73,2.42,2.83,3,10,4,5.59,Low
90,6.96,1.43,1,7,3,7.16,Low
74,2.14,3.63,7,0,2,8.33,Low
60,5.72,3.4,0,1,3,7.84,Low
92,2.24,1.13,4,4,5,7.95,Low
97,6.55,1.57,10,7,5,6.53,Low
99,0.5,0.65,3,3,1,4.7,Low
52,6.0,0.46,9,6,4,7.25,Low
75,0.14,3.08,10,8,3,7.52,Low
63,1.27,1.5,4,10,4,6.97,Low
98,0.5,2.85,3,6,3,6.78,Low
69,7.38,4.11,9,4,5,5.34,Low
78,1.03,2.94,4,5,1,7.58,Low
71,7.43,4.05,5,9,1,6.79,Low
86,6.73,0.03,0,0,3,7.74,Low
57,5.17,4.53,7,3,3,8.29,Low
82,3.01,4.61,3,6,5,6.23,Low
80,3.07,0.07,9,9,5,7.87,Low
56,3.42,0.46,6,7,3,8.07,Low
67,6.25,3.42,3,2,5,8.84,Low
79,2.59,0.47,10,2,5,4.26,Low
66,3.6,4.31,5,0,4,7.35,Low
61,9.71,4.42,0,8,5,5.51,Low
67,7.58,3.13,1,5,1,8.04,Low
89,1.74,4.49,4,4,4,4.01,Low
60,2.44,4.83,1,10,1,5.9,Low
100,3.79,4.32,0,5,1,7.39,Low
79,9.67,1.06,2,7,1,7.48,Low
97,4.0,0.28,1,2,1,4.05,Low
77,5.25,3.87,9,4,1,5.67,Low
87,3.38,1.67,0,8,2,6.21,Low
95,0.18,4.09,5,0,5,8.86,Low
62,7.16,0.57,3,0,5,8.86,Low
59,7.98,1.2,7,8,4,6.17,Low
78,2.62,0.19,10,4,3,7.13,Low
64,3.91,0.3,10,1,2,8.98,Low
88,3.3,2.82,0,0,5,8.67,Low
87,1.55,0.7,8,2,4,5.94,Low
73,2.88,3.89,0,3,5,8.6,Low
73,7.75,1.84,1,9,3,5.83,Low
76,1.88,4.74,9,4,2,5.06,Low
83,1.86,0.67,8,1,3,6.91,Low
85,6.25,0.48,2,5,3,6.34,Low
78,1.85,2.09,1,5,2,5.3,Low
100,1.79,2.24,1,5,3,5.34,Low
92,3.52,0.74,3,3,2,6.91,Low
88,4.27,3.98,3,0,3,4.68,Low
78,4.09,4.59,1,0,4,5.45,Low
94,1.99,0.02,9,3,4,7.07,Low
81,8.41,2.47,6,6,4,4.31,High
61,1.67,4.15,1,8,5,6.25,Low
86,8.68,1.14,2,4,1,8.77,Low
79,7.89,1.57,5,8,2,5.56,Low
51,4.91,0.69,3,5,1,8.31,Low
89,4.32,3.66,0,3,5,5.93,Low
66,7.23,3.18,8,3,2,8.51,Low
74,5.65,3.31,7,5,4,7.06,Low
58,0.31,3.0,10,6,3,5.55,Low
59,2.9,2.49,6,9,2,7.97,Low
79,8.08,4.73,2,7,4,4.19,High
97,4.1,2.63,6,1,3,5.35,Low
59,7.54,1.54,2,5,2,8.37,Low
87,7.99,0.3,2,4,5,5.43,Low
61,0.61,2.86,5,1,4,5.3,Low
95,5.96,2.62,4,1,5,8.69,Low
53,0.3,3.64,9,7,3,8.45,Low
87,8.01,0.6,6,10,1,6.96,Low
66,8.7,2.73,2,0,1,4.63,Low
73,8.11,1.86,5,8,5,8.88,Low
87,3.99,4.72,1,1,5,6.77,Low
63,3.23,2.77,2,0,1,8.6,Low
90,3.54,4.4,9,10,1,6.06,Low
71,0.91,4.67,2,4,2,8.62,Low
97,9.74,1.08,6,6,2,8.29,Low
50,9.6,1.4,3,8,1,8.06,Low
89,3.63,4.41,5,4,5,5.17,Low
87,2.12,0.26,10,1,3,6.16,Low
56,7.82,0.5,5,1,5,5.42,Low
56,2.41,3.94,9,1,1,5.96,Low
59,9.06,1.12,3,2,1,7.57,Low
53,4.68,2.74,3,6,2,5.09,Low
56,3.32,3.58,1,7,4,5.01,Low
91,4.76,3.93,3,7,2,7.01,Low
86,4.04,2.15,6,2,2,7.63,Low
84,4.9,3.99,9,5,5,5.38,Low
69,4.46,4.85,3,6,2,5.45,Low
70,0.24,4.08,6,0,5,7.97,Low
85,7.91,3.75,0,6,5,5.5,High
71,6.44,4.5,6,1,4,5.37,Low
97,0.44,1.7,0,5,1,7.1,Low
97,8.71,4.38,8,10,1,8.17,High
98,5.41,1.06,9,6,3,4.5,Low
61,1.22,0.78,3,3,4,8.59,Low
66,4.0,0.26,8,7,1,8.36,Low
58,3.94,4.67,7,1,2,5.14,Low
98,9.98,0.78,10,7,4,5.28,Low
62,5.49,2.76,10,6,2,7.5,Low
97,5.73,0.69,4,6,5,6.4,Low
79,5.96,4.01,5,10,5,5.16,Low
54,2.99,2.67,3,5,3,5.2,Low
82,4.34,1.46,6,5,3,8.92,Low
63,8.43,1.52,3,1,2,6.04,Low
84,1.64,1.06,7,3,3,6.61,Low
73,3.92,0.33,7,7,1,8.92,Low
90,1.2,2.62,4,4,1,5.95,Low
62,0.25,0.81,0,6,4,5.67,Low
77,8.04,1.9,4,7,5,6.95,Low
55,0.35,4.81,8,3,2,8.5,Low
96,3.32,0.7,4,7,2,7.19,Low
67,1.47,0.97,2,0,1,6.21,Low
69,7.28,0.1,7,9,2,4.19,Low
91,8.6,2.61,5,1,3,4.13,High
93,8.77,3.6,3,4,4,4.3,High
78,9.59,0.83,3,10,1,8.3,Low
83,0.95,1.09,8,6,3,5.39,Low
97,5.97,1.59,10,4,1,8.44,Low
88,5.85,4.01,1,7,1,6.39,Low
66,4.35,0.87,8,2,2,6.15,Low
95,9.1,4.63,3,4,5,8.75,High
87,0.51,1.15,9,10,3,8.06,Low
79,8.12,3.62,4,4,5,5.66,High
73,9.8,0.33,7,8,1,8.12,Low
56,9.87,0.82,6,3,5,5.26,Low
72,6.27,1.27,0,8,1,8.71,Low
76,6.61,4.66,9,6,4,7.95,High
97,1.0,2.28,10,2,4,7.67,Low
76,8.68,4.79,5,6,3,5.41,High
55,9.74,2.83,8,5,5,4.94,Low
92,7.96,3.3,0,3,4,7.69,High
90,5.07,0.68,8,0,2,8.64,Low
85,2.06,0.28,5,4,4,4.66,Low
62,6.25,4.16,7,4,1,4.21,Low
77,5.5,4.73,2,10,1,5.84,Low
64,8.74,1.34,6,8,3,6.83,Low
96,0.91,1.07,0,6,4,5.39,Low
62,5.04,3.78,9,9,5,4.18,Low
81,7.84,1.03,2,2,4,5.16,Low
55,9.95,1.98,6,10,1,4.73,Low
68,7.1,4.46,10,0,5,5.02,Low
81,3.82,3.07,5,1,4,5.82,Low
89,5.82,3.97,5,10,4,8.29,Low
69,2.89,0.5,0,1,5,6.18,Low
62,4.95,2.44,8,10,4,6.6,Low
60,1.54,0.02,7,1,4,7.13,Low
94,3.2,3.66,1,9,5,5.7,Low
89,1.93,2.45,6,0,2,5.25,Low
68,5.38,4.22,6,9,1,7.28,Low
81,0.69,1.46,7,10,5,5.83,Low
80,6.19,3.26,3,6,4,5.76,High
91,1.45,3.45,5,1,3,7.24,Low
63,5.87,4.91,8,4,1,4.89,Low
50,8.73,2.92,10,8,4,8.03,Low
80,2.78,0.03,10,6,3,5.51,Low
53,7.02,0.16,3,6,1,4.23,Low
74,4.7,1.05,4,0,2,6.37,Low
53,0.67,1.26,2,7,2,8.46,Low
63,2.39,1.09,8,10,1,4.31,Low
78,4.89,0.76,1,0,5,4.24,Low
53,6.37,4.77,6,4,1,6.47,Low
56,5.56,0.4,5,10,5,8.24,Low
62,8.47,3.39,9,3,5,6.57,Low
69,5.24,0.79,5,1,1,5.43,Low
77,5.09,2.65,1,5,4,4.6,Low
61,8.15,2.04,8,0,5,5.36,Low
92,7.47,4.88,5,3,1,4.28,High
52,0.22,3.97,5,1,1,5.42,Low
79,0.58,3.81,6,3,3,5.36,Low
99,5.91,4.88,10,1,2,6.72,Low
73,3.62,3.94,5,0,1,6.04,Low
73,2.8,4.49,2,7,3,5.1,Low
54,4.24,2.67,1,2,2,7.19,Low
64,8.4,0.44,8,6,1,7.13,Low
63,4.62,2.82,7,8,1,8.57,Low
62,3.52,4.34,5,5,5,7.09,Low
100,0.25,4.48,10,1,3,5.95,Low
73,2.39,4.25,5,6,4,7.54,Low
68,7.11,3.47,3,3,1,8.0,Low
63,1.83,0.24,6,10,1,8.53,Low
56,7.86,2.74,0,5,2,4.82,Low
79,4.15,1.5,4,5,4,7.69,Low
78,6.78,3.31,2,6,5,8.91,High
72,3.17,0.15,2,5,3,7.33,Low
57,7.12,1.45,9,0,1,7.49,Low
90,9.75,4.37,9,3,1,6.27,High
54,2.37,1.02,10,9,2,5.78,Low
50,2.97,1.4,10,0,3,7.09,Low
72,1.65,0.39,10,6,5,8.48,Low
59,6.6,2.38,8,10,3,4.07,Low
51,0.82,2.43,0,3,5,4.29,Low
56,9.21,0.5,2,7,5,6.84,Low
69,5.73,0.03,8,0,5,5.09,Low
60,5.95,2.31,2,7,2,4.06,Low
99,0.45,2.55,7,6,3,8.19,Low
98,9.12,2.27,9,9,5,7.26,High
56,7.6,2.88,10,10,1,6.24,Low
80,2.67,1.13,0,0,3,5.91,Low
65,6.06,0.12,10,3,5,7.89,Low
62,6.92,3.93,8,8,2,6.18,Low
89,9.16,4.98,4,6,2,4.31,High
73,8.21,0.75,10,6,5,6.45,Low
56,2.64,1.79,5,6,3,8.09,Low
98,4.11,1.31,3,7,3,5.07,Low
70,0.13,4.3,6,3,5,6.13,Low
65,9.35,3.15,10,10,4,5.59,Low
51,2.07,1.49,3,4,1,5.03,Low
65,5.76,3.87,6,10,3,5.47,Low
60,2.4,2.6,0,2,4,7.21,Low
54,0.03,4.22,4,3,5,8.73,Low
58,6.28,4.18,5,4,2,4.92,Low
70,4.03,3.54,5,7,4,8.26,Low
61,5.95,1.05,6,10,4,6.45,Low
71,8.93,4.29,5,10,1,5.62,Low
73,6.41,2.19,1,1,5,5.42,Low
68,6.24,4.22,10,10,4,8.95,Low
72,6.79,4.87,6,8,1,5.99,Low
72,6.38,1.77,0,9,4,8.72,Low
89,4.26,3.42,0,4,5,8.0,Low
62,6.05,4.38,10,1,5,6.02,Low
85,0.54,1.59,0,7,2,6.54,Low
51,5.98,4.87,9,9,4,5.25,Low
67,6.13,2.66,10,3,3,4.81,Low
62,9.42,3.7,3,4,3,4.94,Low
86,7.17,0.75,6,3,2,8.14,Low
88,2.09,1.91,2,7,3,7.08,Low
97,0.95,4.93,4,3,1,4.27,Low
55,9.48,1.45,7,6,3,5.11,Low
85,3.72,4.62,1,10,3,8.94,Low
73,1.18,4.9,2,9,4,7.05,Low
87,8.8,2.63,4,8,2,7.41,High
54,1.53,1.29,10,3,5,8.62,Low
96,3.9,1.74,1,8,5,7.63,Low
51,7.74,2.72,6,0,4,7.33,Low
87,5.52,1.22,1,5,4,6.66,Low
91,2.14,2.31,10,10,5,6.93,Low
83,5.41,3.94,5,1,1,5.7,Low
72,4.59,2.66,0,1,4,4.9,Low
81,9.96,4.43,10,8,2,4.8,High
54,6.76,4.65,10,2,4,4.19,Low
83,3.52,1.68,5,3,1,8.18,Low
100,7.43,3.59,9,9,5,8.44,High
86,6.02,2.97,4,0,3,6.69,High
57,6.59,3.36,8,4,1,7.07,Low
73,0.42,3.88,2,4,2,5.7,Low
80,2.24,4.14,10,8,1,5.86,Low
71,5.67,2.23,7,6,5,7.7,Low
86,3.16,2.14,3,2,4,4.25,Low
62,0.43,4.24,2,1,2,6.6,Low
93,7.41,3.43,6,3,5,8.52,High
60,3.78,0.6,5,8,2,7.38,Low
53,1.11,1.0,1,1,5,8.71,Low
55,6.19,0.05,2,4,4,6.9,Low
59,3.09,3.29,9,9,5,5.11,Low
67,7.62,4.68,10,7,2,5.65,Low
92,2.0,0.63,9,6,4,5.9,Low
87,1.82,3.96,4,1,1,6.14,Low
59,2.11,4.55,1,10,2,4.1,Low
78,3.79,3.33,3,4,1,7.57,Low
81,4.27,3.07,0,10,1,8.24,Low
87,6.02,2.2,7,8,1,5.26,High
52,9.32,4.16,5,8,3,7.76,Low
75,3.67,1.04,3,5,1,7.12,Low
56,0.49,1.1,5,9,1,6.68,Low
67,6.28,4.02,7,7,4,5.09,Low
87,0.94,2.51,2,1,3,8.17,Low
61,0.73,1.3,6,4,2,4.67,Low
56,6.86,4.61,10,3,3,5.26,Low
53,8.66,4.08,8,7,3,7.53,Low
55,1.11,1.0,9,8,2,5.11,Low
78,1.97,4.37,9,7,1,8.32,Low
77,5.45,0.01,10,9,5,4.64,Low
87,7.09,3.48,5,8,5,4.99,High
95,9.21,4.63,3,9,4,8.07,High
53,7.75,4.87,10,7,1,6.7,Low
62,3.15,0.82,5,7,1,6.78,Low
89,7.69,4.72,4,9,5,4.89,High
92,0.17,0.58,3,7,3,6.95,Low
68,0.07,3.06,4,10,1,4.08,Low
51,9.01,4.42,0,2,1,4.27,Low
66,3.11,0.37,1,1,2,8.04,Low
89,0.35,4.2,5,5,5,8.15,Low
88,4.63,2.66,10,9,4,7.64,Low
75,2.9,3.06,3,5,3,8.14,Low
60,4.2,1.98,0,4,5,6.72,Low
69,1.52,4.93,6,4,2,4.1,Low
89,1.78,2.26,9,2,2,8.19,Low
96,8.15,1.48,6,8,1,6.56,Low
64,2.68,0.17,5,9,3,8.89,Low
100,5.65,1.17,4,5,5,8.07,Low
68,2.74,1.89,1,1,4,4.99,Low
91,1.76,4.93,10,3,3,8.3,Low
91,9.45,2.62,10,7,5,8.61,High
76,2.1,2.71,5,1,2,7.07,Low
69,9.26,3.77,0,0,1,7.4,Low
94,7.85,4.67,6,10,3,6.51,High
55,4.83,3.6,7,0,3,6.71,Low
85,9.53,2.37,9,7,2,7.32,High
64,9.8,0.25,9,3,2,8.82,Low
64,6.78,1.42,6,5,4,5.73,Low
87,3.84,0.64,2,3,1,5.87,Low
92,4.54,4.98,5,4,5,4.65,Low
95,2.97,4.8,8,4,3,5.19,Low
79,1.13,2.66,5,2,3,6.52,Low
50,2.03,1.82,2,5,3,5.16,Low
62,8.64,2.57,0,10,4,5.28,Low
74,2.69,3.13,0,9,2,5.14,Low
85,0.01,3.62,9,9,3,8.61,Low
61,1.61,2.43,0,10,4,6.98,Low
69,8.62,4.39,10,10,3,4.6,Low
63,8.35,0.77,4,8,4,5.53,Low
68,1.93,1.03,7,7,2,6.56,Low
98,4.3,1.39,3,5,3,6.31,Low
58,6.99,1.88,6,3,5,4.25,Low
86,5.22,0.25,7,9,1,6.06,Low
88,9.36,0.14,9,4,2,4.34,Low
52,2.73,4.83,4,6,1,5.9,Low
97,3.31,1.03,3,2,5,6.22,Low
74,3.14,2.26,2,9,1,7.68,Low
68,4.53,4.22,2,4,5,5.24,Low
82,3.41,3.4,9,5,1,8.38,Low
81,0.15,0.74,10,4,3,8.41,Low
65,1.62,1.71,8,3,2,6.95,Low
82,6.68,2.72,5,2,4,6.34,High
63,8.21,2.73,4,3,1,6.58,Low
79,7.91,3.11,4,5,1,4.49,High
59,6.44,1.13,8,2,1,6.3,Low
83,7.47,0.65,3,2,2,7.0,Low
71,3.5,2.41,5,9,3,5.62,Low
69,6.35,4.44,7,9,3,6.95,Low
100,4.31,4.98,1,10,1,4.77,Low
86,3.67,4.44,0,1,5,4.52,Low
69,4.26,1.45,5,7,1,7.82,Low
65,2.73,4.98,5,6,3,4.28,Low
54,9.84,1.57,9,2,1,8.4,Low
69,5.91,1.32,9,3,5,8.0,Low
85,2.15,1.03,9,7,4,8.08,Low
95,1.55,1.32,6,5,3,5.47,Low
77,3.31,4.73,10,3,1,7.97,Low
91,4.24,1.57,2,3,5,4.64,Low
69,5.85,2.23,7,8,2,7.25,Low
74,0.86,4.25,3,7,4,6.74,Low
70,5.57,0.22,0,4,5,6.01,Low
59,2.19,1.15,9,6,5,8.37,Low
98,1.75,0.73,0,3,1,8.89,Low
50,2.38,0.58,1,10,1,4.96,Low
59,2.17,2.03,6,1,3,6.95,Low
70,6.44,1.94,8,5,1,4.37,Low
53,2.94,3.55,2,1,3,8.76,Low
68,1.72,3.28,3,10,2,4.47,Low
76,1.59,2.95,8,7,5,7.47,Low
61,7.63,3.57,1,0,4,4.77,Low
71,5.71,0.43,8,4,2,5.3,Low
77,1.19,4.35,0,4,5,8.64,Low
69,4.16,1.59,4,0,1,6.47,Low
58,1.22,0.16,4,3,1,7.14,Low
64,9.3,0.95,4,6,3,8.02,Low
79,8.95,2.39,9,6,2,5.02,High
50,7.06,1.83,2,4,2,4.17,Low
77,8.88,2.7,3,2,3,4.44,High
53,3.31,0.25,10,1,5,4.55,Low
96,0.47,0.73,9,4,1,6.21,Low
62,6.07,3.04,8,0,2,4.82,Low
86,4.38,4.36,9,9,2,8.56,Low
82,5.99,4.52,1,2,1,6.75,Low
80,1.56,3.01,4,3,1,5.3,Low
78,4.85,4.03,3,4,5,6.78,Low
79,3.03,2.22,9,8,4,4.53,Low
75,2.01,3.71,10,10,5,5.21,Low
92,8.6,0.1,10,1,1,7.59,Low
72,2.01,1.02,6,1,1,8.33,Low
81,4.33,1.53,6,9,3,5.91,Low
59,6.28,0.08,2,0,3,8.34,Low
73,5.3,4.18,3,6,1,5.79,Low
93,5.03,4.9,10,7,5,7.0,Low
86,2.53,4.72,9,1,2,5.43,Low
90,6.58,3.8,8,6,3,4.7,High
86,0.81,1.55,4,6,5,4.01,Low
63,5.23,1.42,3,0,5,7.38,Low
69,0.97,3.71,5,6,3,7.62,Low
96,8.34,4.21,5,0,1,4.51,High
82,7.0,4.78,6,1,4,5.68,High
64,3.4,4.84,5,5,2,5.56,Low
55,2.55,4.99,10,4,3,8.41,Low
76,5.85,1.1,1,3,3,6.24,Low
58,7.97,4.65,4,0,1,5.19,Low
71,9.39,3.13,7,10,1,5.37,Low
81,2.16,1.67,1,4,4,6.34,Low
76,7.95,1.82,9,8,2,4.45,Low
57,1.26,1.36,8,9,3,8.29,Low
60,7.04,2.36,3,5,3,8.59,Low
98,3.29,1.3,1,4,4,6.0,Low
79,7.31,3.35,8,3,2,6.29,High
87,3.6,1.33,2,0,3,6.22,Low
92,7.56,1.56,10,5,2,7.29,Low
50,5.79,0.82,7,7,1,8.47,Low
92,7.01,3.21,1,0,4,7.36,High
77,2.25,0.64,7,7,1,7.24,Low
72,6.98,2.07,8,4,4,6.37,Low
70,5.68,1.55,1,1,1,8.52,Low
94,4.25,0.34,9,7,1,8.63,Low
61,1.42,3.98,10,6,5,7.42,Low
60,9.31,1.68,3,7,4,4.85,Low
73,1.59,0.48,2,5,1,8.35,Low
57,2.99,4.05,2,9,2,5.96,Low
95,5.57,1.35,6,9,1,5.49,Low
84,5.52,1.44,1,7,2,5.45,Low
51,2.38,0.09,0,5,4,4.71,Low
52,1.03,3.96,4,7,3,7.68,Low
77,2.54,1.81,6,6,5,8.06,Low
69,5.77,2.41,3,10,2,7.33,Low
68,1.34,2.82,2,4,3,5.39,Low
70,1.12,0.98,1,9,3,6.65,Low
52,2.66,3.26,6,1,2,5.28,Low
95,1.95,2.99,2,0,1,4.01,Low
56,7.25,0.25,7,1,3,4.98,Low
72,7.16,3.16,2,3,5,8.63,Low
85,5.82,0.83,6,3,1,6.65,Low
89,6.19,2.84,7,2,4,7.05,High
82,5.08,4.24,10,1,2,6.87,Low
60,3.16,3.11,9,6,3,7.2,Low
77,6.63,1.45,6,6,5,6.08,Low
95,9.38,3.62,1,0,5,6.38,High
52,3.25,3.89,5,7,5,7.8,Low
68,7.62,4.34,8,1,1,8.14,Low
94,2.96,0.92,4,3,1,4.47,Low
86,1.9,1.52,4,1,5,7.04,Low
52,0.19,0.65,3,1,4,4.66,Low
99,5.93,3.04,5,1,2,7.94,Low
64,4.73,2.83,1,8,2,8.29,Low
82,4.63,0.79,9,5,2,4.7,Low
69,4.86,2.52,0,6,2,6.16,Low
79,5.88,3.92,6,0,5,7.93,Low
82,2.47,2.9,0,2,1,6.62,Low
64,7.03,4.86,2,6,3,5.03,Low
76,9.4,3.56,2,3,4,7.07,High
69,3.53,3.68,4,4,4,5.87,Low
65,7.03,2.07,10,2,4,8.88,Low
98,9.12,4.49,2,0,3,7.32,High
92,6.05,4.67,0,4,2,8.12,High
58,6.46,0.23,2,8,2,5.85,Low
77,2.28,0.64,2,10,4,6.62,Low
59,7.14,2.99,6,2,1,8.16,Low
62,6.77,1.91,7,0,4,6.63,Low
57,2.61,0.25,5,7,1,6.42,Low
94,1.36,3.46,9,5,4,5.64,Low
53,0.84,2.94,0,1,4,7.86,Low
63,1.15,1.17,7,8,4,6.74,Low
64,3.91,0.35,7,0,4,4.99,Low
62,2.27,3.04,2,1,4,7.78,Low
75,3.91,0.14,0,1,1,6.48,Low
56,0.72,1.96,4,0,5,7.17,Low
87,7.78,2.38,8,10,3,7.23,High
92,8.98,3.85,0,4,1,7.3,High
52,4.03,0.03,9,5,2,5.22,Low
97,9.22,2.54,9,9,2,8.08,High
93,4.39,2.3,3,4,2,7.5,Low
92,2.22,0.42,7,7,3,7.25,Low
59,1.96,3.51,0,0,3,8.28,Low
86,0.37,1.3,5,9,1,7.14,Low
74,2.7,2.01,6,5,3,4.97,Low
69,6.62,2.45,3,0,1,5.39,Low
72,9.68,0.78,9,7,3,8.56,Low
65,8.45,4.54,2,8,3,4.87,Low
75,8.83,1.52,10,4,1,7.63,Low
72,1.09,1.83,5,8,3,7.52,Low
88,2.23,3.73,8,3,3,4.09,Low
60,3.15,2.6,3,9,3,5.72,Low
75,3.45,2.71,5,5,4,6.02,Low
64,6.47,3.5,4,1,3,8.18,Low
59,8.93,2.69,8,1,3,5.06,Low
57,2.68,2.75,5,8,1,4.77,Low
80,1.02,1.22,10,3,3,4.25,Low
88,8.26,2.7,10,4,3,8.6,High
82,7.71,3.04,9,6,2,6.3,High
92,9.25,2.42,2,6,1,5.09,High
77,7.6,0.32,1,10,3,4.36,Low
100,7.05,2.15,1,3,1,4.87,High
62,9.45,4.74,5,1,5,5.25,Low
100,9.14,3.37,3,8,2,5.37,High
55,2.11,4.07,9,7,2,4.35,Low
72,8.24,0.01,4,10,2,8.52,Low
51,5.34,3.5,7,9,5,8.99,Low
89,8.2,1.13,2,9,3,7.8,Low
82,5.08,2.48,3,7,3,6.36,Low
88,4.17,0.88,0,10,4,5.32,Low
52,0.71,3.27,0,5,5,8.61,Low
77,8.24,2.86,10,7,1,5.01,High
92,0.49,1.95,4,5,5,6.98,Low
58,3.29,0.61,5,1,3,8.54,Low
75,9.77,4.3,9,2,4,6.53,Low
66,3.58,0.81,0,1,2,6.37,Low
70,8.64,1.27,7,2,4,7.13,Low
85,5.22,2.27,7,2,4,6.41,Low
96,9.28,4.97,9,10,5,7.82,High
94,0.33,0.82,5,6,4,5.99,Low
83,4.03,2.96,5,2,2,5.31,Low
94,1.63,0.84,7,1,5,7.68,Low
89,8.26,3.12,8,10,5,6.02,High
58,5.8,3.95,7,8,1,5.99,Low
74,2.92,2.21,10,10,3,5.93,Low
56,8.54,0.63,7,7,2,7.81,Low
97,1.73,0.56,10,10,3,4.64,Low
86,5.16,2.92,8,7,2,5.12,Low
76,4.7,4.49,0,9,5,5.33,Low
82,0.94,0.11,4,6,1,8.45,Low
66,4.78,4.1,7,7,5,6.65,Low
91,6.87,2.12,8,4,5,4.19,High
54,0.88,0.94,4,10,3,8.95,Low
84,8.46,2.72,3,3,5,4.44,High
98,3.66,0.9,6,7,1,4.72,Low
94,3.64,3.81,1,4,2,5.92,Low
92,6.96,3.31,7,7,3,7.6,High
86,9.4,1.25,5,5,5,8.93,Low
86,4.06,1.91,5,8,4,4.71,Low
55,6.52,1.52,3,0,5,7.83,Low
64,3.06,3.3,0,4,5,8.06,Low
53,9.88,4.87,8,5,3,8.37,Low
100,0.84,3.86,9,4,1,8.88,Low
53,7.97,4.77,8,5,1,7.97,Low
96,2.69,0.72,10,9,2,6.97,Low
77,5.46,2.14,6,10,4,6.31,Low
57,5.27,2.21,10,1,3,4.37,Low
71,8.9,1.97,6,1,5,7.12,Low
61,4.11,3.21,6,5,1,4.29,Low
89,1.59,0.9,7,4,5,6.42,Low
95,3.13,1.49,1,5,2,6.47,Low
94,4.58,2.16,5,3,1,5.87,Low
89,8.9,4.97,3,6,3,4.85,High
76,7.87,3.07,5,9,4,4.89,High
76,2.96,4.08,10,4,3,7.19,Low
70,3.76,3.01,9,6,1,5.89,Low
63,0.36,4.0,7,10,3,6.54,Low
85,7.48,4.88,7,3,1,4.67,High
96,2.71,3.91,2,0,5,7.41,Low
95,5.02,0.83,7,0,3,6.34,Low
90,3.06,1.95,9,6,5,4.32,Low
76,4.69,1.52,0,6,3,7.04,Low
78,9.96,2.86,7,6,3,7.63,High
88,8.09,1.72,9,7,2,6.59,Low
63,3.07,2.29,4,1,2,5.8,Low
82,7.04,4.64,0,8,5,4.92,High
93,7.16,3.17,4,0,5,5.75,High
92,6.39,4.3,1,10,2,4.45,High
74,0.42,1.94,9,4,2,4.63,Low
85,0.99,4.01,3,3,5,6.06,Low
91,1.62,3.77,0,4,3,8.22,Low
50,4.52,1.38,5,0,4,7.81,Low
52,6.2,0.99,0,2,1,5.01,Low
82,6.43,4.53,5,1,1,7.21,High
70,0.84,0.9,8,3,4,6.62,Low
88,0.94,2.82,3,8,3,8.49,Low
82,3.82,0.55,0,10,4,8.37,Low
72,7.96,2.73,0,0,3,4.91,Low
56,2.47,2.6,0,5,5,8.7,Low
86,2.24,0.45,10,1,1,4.49,Low
70,5.0,3.14,6,7,3,5.8,Low
52,7.72,2.24,8,5,2,6.07,Low
52,4.44,4.46,9,2,3,6.33,Low
79,2.39,2.9,0,10,5,5.1,Low
84,0.76,4.4,1,9,2,6.08,Low
78,2.4,3.91,4,9,5,4.54,Low
81,7.94,0.29,2,10,1,7.94,Low
80,1.34,2.17,10,0,2,4.82,Low
95,0.22,4.88,2,8,1,5.0,Low
99,6.38,3.68,8,10,4,7.47,High
50,7.11,2.61,4,0,4,7.52,Low
61,4.86,0.99,3,7,1,5.62,Low
74,8.47,4.11,6,2,4,8.55,Low
96,5.45,2.11,2,6,5,5.34,Low
91,5.24,0.6,6,1,3,8.64,Low
50,7.77,2.41,6,9,4,7.17,Low
72,8.08,2.38,8,3,1,8.52,Low
64,8.2,1.54,4,6,4,5.39,Low
58,0.25,0.68,7,3,5,8.87,Low
92,4.95,4.77,0,9,5,6.36,Low
52,0.18,3.61,1,10,2,6.88,Low
84,2.41,2.12,10,10,3,7.93,Low
59,6.36,1.07,9,9,4,5.47,Low
59,6.87,1.13,6,3,2,8.18,Low
52,5.08,0.68,4,9,3,5.11,Low
64,8.51,3.72,8,9,1,6.47,Low
84,9.89,0.15,6,6,4,6.78,Low
77,7.09,3.87,4,4,5,5.45,High
93,3.39,1.45,0,5,1,5.88,Low
72,8.85,2.49,7,5,5,7.98,Low
60,0.18,2.95,1,2,2,5.51,Low
79,5.97,1.29,4,0,5,4.72,Low
64,5.99,4.83,5,10,5,8.91,Low
80,1.17,2.49,3,6,4,4.21,Low
77,0.61,0.35,3,10,3,8.88,Low
59,4.43,4.87,7,10,4,8.75,Low
52,1.31,4.0,7,1,1,4.34,Low
51,9.33,4.46,5,10,1,5.81,Low
63,4.7,0.35,3,4,3,4.15,Low
81,6.38,3.8,5,10,1,4.31,High
91,4.52,4.59,6,0,1,8.55,Low
51,9.3,2.75,3,7,5,8.99,Low
82,2.39,1.1,0,2,1,8.5,Low
78,8.91,4.46,1,10,3,7.39,High
77,6.48,2.22,9,3,2,4.33,High
96,3.76,1.96,2,4,3,8.32,Low
88,2.62,1.06,3,3,4,4.03,Low
75,3.22,0.34,0,5,4,7.3,Low
53,2.75,3.38,3,2,5,8.21,Low
66,2.52,0.44,1,6,4,6.64,Low
54,7.72,3.21,4,4,4,6.23,Low
76,4.09,4.91,4,1,2,8.58,Low
84,5.31,2.78,9,6,1,5.59,Low
75,8.63,4.52,8,4,1,7.49,Low
99,3.24,3.72,0,0,1,5.24,Low
62,0.74,4.23,3,10,5,6.94,Low
61,3.47,2.71,6,1,4,8.38,Low
59,8.82,3.01,5,2,5,6.39,Low
50,0.01,1.05,9,8,2,7.57,Low
88,4.74,4.25,3,3,3,6.42,Low
87,3.63,2.73,8,4,4,8.73,Low
68,4.9,0.47,0,0,3,5.95,Low
91,6.43,4.97,10,0,4,6.85,High
83,6.57,3.4,5,7,2,5.82,High
71,6.52,3.1,0,3,4,8.58,Low
81,7.27,1.41,1,0,3,4.45,Low
56,2.37,4.29,9,5,2,4.82,Low
100,4.12,0.59,5,0,1,4.77,Low
57,8.55,0.55,6,7,4,4.87,Low
81,9.36,2.66,3,4,3,7.42,High
91,9.69,0.85,8,9,3,5.34,Low
74,5.22,3.25,5,1,3,5.87,Low
87,6.83,2.16,5,1,1,7.13,High
80,6.94,4.21,3,1,3,8.97,High
57,5.66,2.17,4,1,5,5.88,Low
84,9.61,4.63,2,7,1,6.7,High
97,7.84,2.52,8,1,4,5.05,High
96,7.43,4.31,2,9,1,7.48,High
69,4.36,4.22,0,3,5,4.37,Low
81,8.62,0.9,3,7,4,4.06,Low
57,8.7,1.07,9,6,2,8.59,Low
55,1.01,4.68,3,4,1,4.58,Low
83,2.2,4.32,6,0,2,4.52,Low
94,0.76,4.48,3,9,2,7.46,Low
93,2.68,4.28,10,10,4,5.6,Low
68,6.51,1.57,9,8,1,8.53,Low
65,1.9,2.03,2,9,1,7.71,Low
64,2.93,3.56,6,4,4,4.25,Low
90,0.62,1.96,0,6,1,4.03,Low
86,0.2,0.22,6,8,5,6.81,Low
59,4.88,3.93,1,9,1,8.84,Low
63,2.47,4.07,0,1,1,7.29,Low
63,7.76,3.97,3,7,3,6.69,Low
95,9.16,3.64,9,0,4,5.94,High
87,4.84,4.68,2,0,2,8.01,Low
75,3.97,4.74,7,4,5,6.71,Low
52,4.17,1.62,0,6,3,4.89,Low
91,2.41,1.59,6,10,3,5.58,Low
62,7.66,1.24,6,1,4,7.85,Low
87,5.61,3.14,3,4,1,8.0,Low
87,3.01,1.61,8,5,5,6.05,Low
97,9.1,4.77,5,1,2,5.83,High
73,2.0,4.43,5,8,1,5.87,Low
66,5.67,4.91,1,4,2,6.2,Low
67,8.65,1.47,1,8,1,6.97,Low
87,1.2,0.33,3,9,1,4.65,Low
71,6.89,0.48,2,9,2,8.16,Low
72,1.34,2.64,10,4,2,7.5,Low
84,7.59,1.47,5,3,4,6.47,Low
66,9.42,2.98,2,4,2,5.52,Low
69,1.4,1.62,8,1,1,6.5,Low
89,0.85,1.17,10,4,2,4.2,Low
50,0.27,0.39,4,10,3,6.13,Low
76,1.36,3.33,8,10,1,6.97,Low
76,4.5,1.51,7,1,4,7.47,Low
77,8.98,4.98,1,4,4,5.33,High
75,6.03,2.84,3,2,2,6.59,Low
55,2.3,0.98,4,4,4,6.46,Low
82,5.97,1.71,4,6,5,6.5,Low
51,2.82,2.13,3,1,2,5.43,Low
82,9.76,1.12,0,6,1,6.95,Low
64,9.51,1.32,1,9,4,7.32,Low
74,8.8,2.24,0,4,2,5.79,Low
65,2.12,1.76,2,2,4,5.06,Low
61,1.53,1.37,0,2,3,8.09,Low
54,6.3,2.55,3,6,2,6.24,Low
84,0.57,1.84,6,4,5,6.89,Low
91,4.99,0.95,2,1,1,6.17,Low
71,5.93,0.57,2,5,3,6.66,Low
57,8.38,0.68,6,10,2,8.42,Low
59,0.42,1.53,3,3,3,6.19,Low
83,2.52,3.91,9,10,1,5.04,Low
95,5.71,2.04,2,7,4,6.21,Low
79,7.89,3.64,8,10,4,6.42,High
67,0.65,3.19,10,1,1,5.75,Low
55,3.85,1.96,6,3,3,8.88,Low
81,0.42,2.51,4,4,5,7.62,Low
50,9.46,0.28,2,8,3,5.62,Low
88,2.52,3.59,3,5,4,8.02,Low
70,1.77,4.34,4,2,3,5.12,Low
100,7.28,2.57,9,10,4,8.56,High
57,4.2,2.3,6,10,4,4.44,Low
50,2.11,0.03,9,10,2,4.9,Low
74,1.72,2.12,9,8,1,8.55,Low
51,8.95,3.02,2,4,3,5.35,Low
88,9.71,0.99,1,0,3,5.09,Low
83,6.68,3.34,8,1,5,5.61,High
89,5.39,2.23,7,8,5,7.57,Low
90,5.66,2.82,7,3,5,8.04,Low
84,9.57,0.24,10,0,1,6.13,Low
76,9.3,2.4,0,5,1,6.19,High
87,2.07,3.92,9,1,5,4.53,Low
89,4.08,3.54,3,0,2,9.0,Low
85,2.19,4.74,10,0,2,5.99,Low
79,3.94,1.92,4,0,3,5.15,Low
74,5.78,3.31,5,3,5,4.31,Low
75,9.41,0.14,1,5,2,6.45,Low
97,5.42,3.56,1,7,5,5.81,Low
91,0.2,4.26,2,7,2,7.5,Low
58,4.27,4.49,0,7,2,8.98,Low
81,9.98,0.65,9,1,2,8.36,Low
98,4.93,3.25,8,1,1,7.6,Low
77,6.93,4.07,3,2,3,8.94,High
54,9.05,1.31,3,5,1,8.04,Low
92,2.19,2.03,4,0,1,7.87,Low
77,8.7,0.34,8,8,5,4.22,Low
96,6.14,3.95,1,3,1,7.46,High
96,6.1,3.69,0,6,3,6.93,High
74,6.58,2.46,4,5,4,7.56,Low
66,8.7,0.02,4,3,2,7.29,Low
64,5.59,0.48,10,3,2,6.24,Low
76,8.25,4.48,8,2,2,4.49,High
100,1.84,2.75,8,10,2,6.2,Low
80,1.97,0.33,2,9,1,6.12,Low
68,5.27,4.19,8,9,4,5.98,Low
66,5.51,1.89,1,9,1,8.21,Low
80,0.68,1.68,1,6,3,7.62,Low
61,3.09,2.56,9,0,5,5.53,Low
59,4.76,4.18,10,10,1,8.54,Low
94,2.09,2.92,4,1,5,6.27,Low
60,6.95,1.38,5,0,2,4.88,Low
71,9.29,0.05,2,10,3,7.57,Low
72,8.82,0.13,1,9,5,5.75,Low
88,3.42,2.3,10,9,5,8.19,Low
58,8.46,2.23,7,8,3,8.29,Low
97,6.73,2.43,3,6,3,4.12,High
76,1.48,1.47,5,3,1,4.98,Low
96,5.88,0.2,7,10,3,7.68,Low
71,8.34,2.42,1,0,1,5.86,Low
67,4.21,2.89,6,3,5,7.51,Low
87,0.98,1.36,9,0,4,8.09,Low
95,8.38,2.03,5,6,5,8.65,High
95,1.24,3.94,8,6,3,5.29,Low
56,6.19,2.22,3,3,1,6.24,Low
60,0.04,3.12,5,0,3,5.18,Low
55,5.37,1.63,9,1,5,6.92,Low
51,0.39,1.62,1,1,4,6.4,Low
74,5.77,1.38,9,9,1,5.21,Low
67,1.95,3.31,8,0,5,6.47,Low
92,0.05,2.52,0,1,2,7.22,Low
79,4.95,2.77,6,2,5,7.91,Low
96,7.37,2.31,5,7,2,4.33,High
79,8.13,0.14,6,9,1,8.73,Low
99,4.63,4.11,1,1,5,4.77,Low
92,4.39,3.65,0,1,1,6.16,Low
71,1.22,2.08,9,1,1,4.96,Low
61,4.58,2.47,8,2,5,7.14,Low
96,9.27,3.48,10,6,1,4.62,High
84,2.3,1.24,0,1,1,8.54,Low
99,6.55,1.64,3,5,1,5.58,Low
70,2.24,4.26,10,8,5,6.45,Low
87,1.31,3.31,9,5,4,4.77,Low
61,9.25,3.21,5,2,1,7.45,Low
94,2.79,4.78,5,3,3,6.92,Low
68,6.47,1.59,0,10,4,8.03,Low
100,1.51,1.3,0,7,3,7.6,Low
98,4.75,0.5,3,9,5,5.2,Low
62,6.55,1.93,1,2,3,8.23,Low
68,1.68,4.28,9,7,4,5.92,Low
64,8.28,4.21,1,1,4,5.6,Low
81,4.15,3.77,5,6,4,5.99,Low
52,1.17,1.6,0,5,3,5.63,Low
54,6.15,0.63,0,9,1,5.97,Low
50,2.96,1.56,6,6,3,4.32,Low
94,0.15,1.44,8,0,1,8.1,Low
82,5.9,4.12,3,3,2,5.43,Low
54,0.84,4.43,7,1,1,6.46,Low
58,7.56,4.36,6,6,3,8.38,Low
79,1.36,3.22,0,3,4,5.09,Low
91,0.74,1.39,1,9,3,8.53,Low
93,3.85,0.97,3,1,4,4.27,Low
70,3.36,3.41,2,9,1,5.21,Low
94,6.46,4.81,1,4,1,5.14,High
77,9.67,3.18,6,10,3,7.22,High
80,5.96,4.56,1,10,4,7.22,Low
97,6.05,4.74,1,2,4,7.48,High
99,7.57,1.09,6,4,2,4.43,Low
79,7.86,0.09,2,10,2,5.93,Low
64,6.98,1.94,3,2,4,5.87,Low
86,6.24,0.08,6,0,4,8.26,Low
66,9.56,3.86,8,8,5,4.44,Low
72,7.37,3.32,5,0,2,6.51,Low
93,8.32,3.78,9,10,1,6.56,High
89,3.05,1.94,9,8,4,6.06,Low
56,3.46,4.78,3,10,4,7.88,Low
100,1.74,0.34,8,2,5,5.34,Low
78,2.3,1.97,1,4,3,8.24,Low
91,4.14,0.35,10,8,5,8.47,Low
73,6.12,0.49,10,4,2,6.21,Low
100,5.91,0.96,7,3,5,5.01,Low
67,4.33,2.73,3,4,5,6.39,Low
89,7.97,3.31,10,7,2,4.14,High
71,0.75,4.73,6,2,4,4.16,Low
78,7.11,1.12,9,8,2,7.5,Low
50,8.45,1.21,3,8,5,7.44,Low
94,7.15,3.2,5,8,4,8.47,High
55,0.35,2.49,3,1,2,6.58,Low
58,2.98,0.57,10,10,5,6.78,Low
53,9.52,1.66,4,2,5,8.3,Low
82,3.13,1.9,7,9,5,6.89,Low
54,1.02,2.36,3,0,1,8.19,Low
74,5.16,0.95,9,5,4,8.22,Low
71,2.67,3.72,1,6,5,7.64,Low
97,1.92,4.85,2,10,3,8.84,Low
81,9.37,3.43,7,4,3,7.76,High
78,3.28,4.43,3,5,1,7.18,Low
63,0.72,2.13,3,1,4,6.88,Low
66,5.75,4.23,2,6,1,6.84,Low
97,1.5,4.34,0,7,1,8.71,Low
82,7.95,3.55,5,5,4,6.76,High
72,3.27,2.97,3,1,3,5.55,Low
92,8.89,0.02,5,4,4,4.69,Low
60,8.86,3.72,8,10,5,8.9,Low
98,0.87,1.93,6,0,4,7.31,Low
87,2.99,0.54,3,8,3,6.01,Low
91,1.28,2.58,4,5,5,8.13,Low
76,5.24,4.1,4,5,5,4.08,Low
52,2.87,2.27,6,3,2,8.73,Low
97,2.46,4.01,2,4,5,6.65,Low
94,4.75,4.82,4,4,2,8.6,Low
82,3.62,3.9,0,9,3,5.56,Low
81,5.38,2.75,6,5,1,4.0,Low
58,3.45,0.47,1,3,3,7.63,Low
88,4.9,3.19,6,0,3,4.47,Low
94,2.85,1.66,6,7,1,5.27,Low
57,9.15,1.62,4,9,2,6.85,Low
88,0.63,1.68,0,3,4,6.06,Low
77,3.37,3.66,7,2,1,7.18,Low
94,5.81,3.44,5,5,3,4.42,Low
84,0.87,4.19,6,3,3,4.81,Low
65,1.86,1.16,4,0,5,4.5,Low
76,2.84,3.07,5,1,1,5.99,Low
54,8.99,0.83,10,0,4,7.08,Low
61,9.56,2.11,9,6,4,6.43,Low
58,2.83,4.25,7,7,3,6.3,Low
90,9.61,2.95,8,3,3,4.85,High
50,8.18,0.51,10,2,2,7.43,Low
81,4.74,3.28,10,5,3,6.52,Low
87,7.33,3.4,5,10,3,5.11,High
52,7.53,4.11,5,1,2,6.22,Low
58,6.23,2.18,10,1,2,6.36,Low
54,9.27,2.14,7,0,5,5.64,Low
76,0.41,2.56,9,10,3,8.14,Low
96,7.35,0.04,2,4,2,7.63,Low
68,4.48,3.0,4,0,4,4.61,Low
61,1.16,4.03,6,0,2,5.89,Low
62,0.77,1.07,8,8,5,6.72,Low
63,6.16,2.03,10,2,1,7.26,Low
57,9.21,2.16,3,4,5,4.05,Low
79,6.78,2.47,9,6,1,4.22,High
82,1.21,0.23,2,5,3,4.97,Low
95,8.59,1.35,1,2,3,4.59,Low
51,8.65,3.21,9,1,3,7.69,Low
67,4.36,4.37,5,2,3,4.52,Low
89,5.15,1.04,10,2,2,8.02,Low
86,6.77,4.19,2,2,3,8.8,High
89,0.59,4.17,2,6,3,5.49,Low
64,0.35,0.67,3,10,4,4.13,Low
79,0.92,0.55,8,10,1,5.85,Low
65,1.21,2.79,2,2,5,6.15,Low
96,2.72,3.53,0,9,3,6.03,Low
71,1.88,1.74,6,7,2,6.28,Low
91,3.69,2.0,3,2,4,5.1,Low
62,3.08,0.07,6,8,4,4.52,Low
71,8.39,3.19,9,3,2,8.23,Low
55,6.51,4.7,8,0,1,8.55,Low
58,3.11,4.71,1,6,2,6.34,Low
52,7.95,2.6,10,4,5,6.91,Low
90,1.87,1.17,8,5,4,8.93,Low
57,0.6,3.22,5,1,5,5.87,Low
74,3.9,1.36,6,3,5,4.04,Low
58,6.62,4.98,10,4,5,8.3,Low
95,6.1,1.93,1,9,1,7.36,Low
73,4.72,1.1,7,8,2,7.44,Low
84,1.45,4.85,5,5,1,6.48,Low
62,7.78,3.18,9,3,4,7.24,Low
59,8.48,0.15,6,2,2,8.52,Low
83,0.72,1.97,8,9,1,4.85,Low
80,3.05,2.75,7,1,5,4.08,Low
62,6.08,4.76,2,8,5,7.34,Low
78,5.97,3.59,5,5,5,7.56,Low
92,3.58,4.06,4,9,3,6.2,Low
85,2.04,3.37,0,5,3,7.31,Low
56,6.53,3.24,3,2,4,6.73,Low
96,9.12,1.51,8,5,5,4.87,Low
52,9.54,3.54,4,5,1,8.26,Low
79,1.36,2.14,8,1,2,4.34,Low
82,1.73,0.36,6,3,5,6.62,Low
70,7.9,3.36,9,2,2,4.08,Low
59,1.86,0.94,9,9,1,6.99,Low
70,9.1,2.06,9,8,2,7.77,Low
95,5.68,2.59,4,2,4,7.35,Low
57,9.77,1.29,2,10,3,8.65,Low
69,2.4,2.25,10,0,3,4.94,Low
91,0.9,4.86,5,3,2,5.32,Low
71,1.7,4.12,9,10,5,4.42,Low
54,7.11,4.82,8,1,5,5.08,Low
65,5.48,3.34,1,9,5,7.63,Low
84,3.28,2.12,6,3,4,4.22,Low
97,8.71,0.15,9,10,3,7.41,Low
57,6.66,0.57,1,2,2,5.12,Low
52,6.48,2.44,1,3,2,6.27,Low
86,1.45,3.72,3,3,2,8.97,Low
55,2.35,2.34,10,8,3,6.3,Low
59,7.92,0.84,4,4,5,5.48,Low
69,8.64,4.72,2,0,1,6.26,Low
81,6.58,3.22,1,5,3,6.18,High
55,2.68,0.79,7,1,4,8.97,Low
79,6.8,0.16,6,5,1,5.39,Low
64,2.01,3.38,3,2,4,7.99,Low
91,4.5,0.39,6,4,5,6.75,Low
90,8.01,2.95,10,9,5,6.47,High
96,4.92,2.87,10,2,2,6.38,Low
53,0.98,3.94,5,2,1,8.8,Low
77,0.71,2.39,6,2,1,7.61,Low
64,9.87,0.91,9,6,2,8.87,Low
71,2.74,2.16,4,2,5,8.13,Low
88,4.22,3.49,2,3,5,5.58,Low
51,6.72,2.06,3,4,3,7.74,Low
80,9.5,3.09,8,0,1,7.16,High
85,6.11,3.56,0,4,3,4.18,High
51,9.3,4.16,10,6,4,5.1,Low
95,6.1,0.71,4,5,3,4.36,Low
60,7.33,0.37,5,9,5,5.15,Low
93,3.79,4.97,3,2,4,4.82,Low
57,9.81,2.45,3,3,4,4.91,Low
74,5.04,3.04,0,1,4,7.64,Low
86,5.76,4.08,7,0,2,5.29,Low
80,7.67,1.34,3,5,5,8.28,Low
82,7.88,0.45,9,8,1,6.13,Low
73,5.21,1.14,1,7,4,7.79,Low
80,8.13,4.16,9,4,2,7.9,High
92,7.25,3.73,2,4,1,5.63,High
75,7.82,0.81,2,6,1,7.1,Low
84,9.9,2.82,10,5,5,7.46,High
60,1.43,4.08,2,3,1,7.47,Low
70,1.97,3.99,9,8,3,7.48,Low
62,0.63,1.33,2,8,1,5.3,Low
80,4.32,2.93,8,9,2,8.85,Low
51,5.07,4.46,4,4,1,5.5,Low
75,0.08,3.81,1,2,2,5.15,Low
70,5.2,1.16,6,6,3,5.76,Low
91,2.84,1.86,0,1,4,6.26,Low
65,3.39,0.6,5,2,3,8.05,Low
91,5.86,2.02,3,3,4,8.3,Low
77,6.56,1.71,8,0,3,7.38,Low
67,7.22,4.22,9,0,3,6.24,Low
79,2.09,1.87,8,6,1,4.58,Low
92,0.93,1.15,8,6,2,4.09,Low
99,6.24,4.86,9,2,3,5.35,High
60,9.31,0.39,3,1,2,5.92,Low
99,4.45,0.16,6,4,2,8.34,Low
86,1.04,2.68,4,1,4,6.17,Low
63,5.37,1.65,6,0,4,7.7,Low
82,6.06,3.86,0,0,2,5.43,High
63,9.4,1.54,10,3,4,7.09,Low
65,3.04,1.84,6,9,3,7.58,Low
97,0.28,3.02,4,9,3,6.17,Low
83,6.55,2.23,6,4,5,8.4,High
51,2.64,3.59,2,5,3,6.31,Low
78,5.49,2.17,7,5,3,4.93,Low
86,5.63,0.87,6,0,1,6.36,Low
65,5.32,2.25,9,6,2,7.44,Low
98,9.24,2.61,8,5,3,6.59,High
71,1.61,1.64,1,7,1,7.24,Low
56,9.91,1.84,0,5,4,7.64,Low
87,1.68,3.51,6,8,4,4.56,Low
74,1.85,0.38,5,9,4,8.91,Low
70,2.27,2.53,3,1,2,5.59,Low
81,7.04,2.1,6,8,4,6.17,High
78,9.23,1.33,2,10,5,6.75,Low
64,8.18,3.84,1,6,2,8.87,Low
61,2.05,1.53,10,6,2,4.82,Low
100,0.49,1.01,1,4,3,6.34,Low
82,0.81,2.87,6,6,4,8.98,Low
88,5.17,1.9,2,3,4,6.18,Low
51,2.5,2.05,8,7,2,4.57,Low
84,5.07,3.36,7,8,4,7.1,Low
94,1.39,2.68,6,0,3,7.81,Low
83,0.35,4.25,4,3,1,7.59,Low
79,7.74,0.45,9,9,3,4.22,Low
99,5.23,2.87,3,3,4,5.6,Low
66,0.36,3.06,8,4,1,8.75,Low
65,5.95,0.93,5,1,3,7.23,Low
94,3.21,3.72,8,5,1,6.95,Low
84,2.92,2.34,1,7,4,4.24,Low
58,4.11,4.07,1,0,2,5.98,Low
76,9.38,4.09,8,0,3,7.83,High
88,5.3,2.68,8,6,2,8.33,Low
53,7.93,1.07,6,9,3,4.91,Low
77,7.22,0.16,7,7,1,7.15,Low
83,5.81,3.75,2,5,3,7.88,Low
79,3.67,3.97,6,6,2,4.28,Low
76,3.19,3.67,10,9,5,7.22,Low
92,4.77,2.75,2,1,2,8.03,Low
57,8.09,2.96,0,5,1,4.52,Low
95,5.32,3.76,8,5,1,8.5,Low
84,9.08,4.23,4,5,5,8.68,High
77,8.81,3.63,2,5,5,5.73,High
57,4.31,2.78,10,1,3,8.86,Low
93,6.31,0.85,8,6,2,6.06,Low
68,1.75,2.58,4,9,5,7.42,Low
99,4.05,2.14,3,2,3,4.41,Low
59,2.35,2.47,5,8,4,5.42,Low
68,4.53,0.08,7,4,5,5.44,Low
88,0.92,1.82,3,10,2,6.01,Low
77,3.46,1.68,7,7,2,5.61,Low
97,2.63,4.02,10,6,3,8.67,Low
66,9.34,1.31,8,10,4,7.09,Low
98,9.21,2.1,1,0,1,5.56,High
64,2.17,2.81,2,1,4,6.58,Low
76,6.07,1.78,7,7,3,8.77,Low
73,0.34,0.13,8,5,2,6.74,Low
82,6.71,4.7,6,2,4,7.37,High
69,1.53,0.95,9,3,4,7.11,Low
96,5.36,0.07,1,4,4,6.04,Low
68,2.38,0.72,10,0,3,5.87,Low
97,2.54,3.93,1,0,3,4.56,Low
52,6.85,1.05,2,3,4,4.42,Low
67,9.28,2.8,2,6,1,7.95,Low
63,1.69,0.01,5,5,4,5.65,Low
94,6.42,2.28,5,10,3,7.45,High
82,9.87,4.63,8,9,5,4.95,High
74,1.72,1.98,0,9,4,5.26,Low
65,6.81,2.05,7,0,4,5.06,Low
76,7.23,0.1,3,2,1,8.37,Low
54,7.4,1.78,0,1,5,4.92,Low
59,4.74,1.03,3,5,5,7.42,Low
95,0.75,4.89,10,9,5,6.48,Low
57,1.25,1.24,4,8,2,5.4,Low
77,2.11,2.48,10,7,4,8.67,Low
59,3.65,4.73,4,1,2,4.09,Low
61,6.2,1.53,3,5,3,8.49,Low
55,8.38,3.65,7,8,1,4.07,Low
98,5.41,1.1,2,9,1,5.78,Low
60,0.05,2.86,1,8,2,7.17,Low
85,7.09,3.41,0,10,1,5.49,High
80,0.58,0.2,6,8,3,7.65,Low
98,6.36,0.41,8,3,4,8.56,Low
84,8.2,0.5,7,2,1,6.91,Low
59,1.99,1.26,4,3,4,6.92,Low
70,2.83,4.08,6,0,5,7.83,Low
81,2.33,0.3,10,6,1,6.89,Low
81,5.05,4.67,9,7,3,5.58,Low
98,0.41,3.16,3,5,3,7.33,Low
85,4.66,1.65,2,9,2,7.05,Low
63,8.93,3.88,5,6,3,7.17,Low
73,7.73,0.01,0,6,5,6.56,Low
94,8.38,2.58,8,2,2,5.18,High
68,2.04,0.59,9,0,4,6.32,Low
66,9.63,1.31,6,6,3,4.46,Low
83,0.46,1.32,1,9,4,7.09,Low
72,7.29,2.73,4,8,4,6.81,Low
54,4.71,4.53,4,7,2,4.83,Low
70,2.94,1.68,9,4,5,4.95,Low
87,4.0,1.17,1,0,1,7.43,Low
55,0.8,2.46,4,0,5,4.63,Low
58,0.83,4.1,9,4,3,7.09,Low
87,4.83,3.36,10,10,2,4.42,Low
86,1.14,1.89,4,2,5,5.01,Low
65,2.09,2.85,10,7,5,5.03,Low
89,2.1,3.17,1,9,4,6.91,Low
55,3.66,3.5,6,0,2,8.78,Low
90,8.44,0.4,0,6,4,7.63,Low
98,5.53,2.92,3,1,5,7.37,Low
86,4.71,3.8,6,1,5,7.07,Low
73,0.18,0.62,0,4,5,6.76,Low
70,1.24,3.81,3,1,4,7.17,Low
81,2.34,0.02,8,3,3,5.71,Low
64,9.13,4.91,1,3,2,6.61,Low
89,4.08,0.32,7,0,2,4.03,Low
84,1.17,2.5,7,9,3,6.22,Low
100,8.59,3.89,0,3,5,6.06,High
71,2.9,1.25,8,7,5,5.21,Low
77,8.84,4.16,6,10,5,5.66,High
97,1.02,1.16,7,2,1,7.86,Low
65,7.7,4.6,3,6,1,8.51,Low
76,4.04,0.83,9,6,2,7.06,Low
61,7.3,0.54,8,4,5,4.95,Low
68,0.46,3.94,4,10,1,5.46,Low
61,7.67,3.66,10,6,5,8.41,Low
50,2.88,4.75,2,10,4,7.27,Low
74,5.51,2.44,4,5,1,6.35,Low
85,6.04,3.22,2,1,2,6.3,High
62,7.99,3.56,4,8,5,6.04,Low
61,2.75,2.48,0,7,4,8.82,Low
69,0.27,1.28,5,9,5,6.56,Low
93,7.12,4.25,6,2,5,6.21,High
71,7.27,3.12,8,10,3,7.72,Low
96,3.6,1.82,5,2,5,7.8,Low
86,0.63,0.0,6,0,4,6.82,Low
95,5.01,2.18,4,6,2,6.9,Low
92,4.68,2.82,4,1,1,6.2,Low
84,3.94,2.87,4,0,4,4.6,Low
83,3.91,0.02,9,7,3,8.15,Low
82,5.57,1.35,1,8,4,4.14,Low
99,5.41,1.09,5,7,5,4.27,Low
53,8.19,4.03,6,6,5,7.19,Low
100,2.1,0.1,2,7,3,6.41,Low
92,2.07,1.69,3,0,5,4.28,Low
78,2.29,0.5,2,2,4,5.26,Low
94,8.65,1.8,0,1,2,6.33,Low
97,4.69,3.35,7,0,4,8.28,Low
78,5.98,3.94,5,6,2,7.8,Low
60,6.89,2.17,10,10,2,4.48,Low
76,3.02,2.11,3,10,1,8.64,Low
98,0.94,2.88,7,9,2,8.81,Low
50,2.65,0.74,9,4,1,5.02,Low
53,9.64,4.08,9,4,1,6.92,Low
55,3.76,2.7,5,9,3,7.51,Low
87,1.64,1.54,9,10,1,4.79,Low
75,8.06,2.65,6,2,4,8.63,Low
59,6.18,0.59,7,5,5,7.69,Low
85,5.74,3.17,2,10,1,7.52,Low
96,8.35,3.02,6,5,3,7.82,High
93,6.77,1.79,9,1,3,5.93,Low
62,9.71,3.77,0,10,5,5.86,Low
82,1.98,2.98,5,2,5,5.9,Low
75,4.85,0.94,7,6,5,7.85,Low
67,0.4,3.58,2,9,4,8.23,Low
57,5.7,2.08,9,3,2,5.98,Low
81,7.15,2.99,2,7,5,5.76,High
70,7.64,0.19,10,4,1,8.57,Low
66,5.92,2.71,5,1,5,7.97,Low
52,5.07,1.93,6,7,5,7.67,Low
92,3.61,0.13,10,6,5,7.61,Low
78,5.24,3.12,6,3,1,7.51,Low
53,2.91,2.61,7,5,4,5.91,Low
76,4.55,2.35,3,0,5,8.03,Low
100,2.74,4.24,3,10,4,4.33,Low
100,4.05,2.38,8,0,4,6.26,Low
64,7.94,4.83,10,2,5,6.65,Low
98,5.39,4.05,8,3,4,5.47,Low
91,8.07,1.22,1,3,5,7.63,Low
64,7.35,4.99,8,7,5,5.83,Low
69,6.55,0.63,4,8,3,5.44,Low
57,4.83,4.03,9,6,3,6.82,Low
82,0.72,3.86,6,9,3,4.61,Low
66,0.44,3.45,10,8,1,8.08,Low
64,4.5,3.88,3,5,4,5.31,Low
99,7.8,2.43,4,2,1,6.98,High
74,7.11,4.5,0,8,4,5.96,Low
51,1.94,4.37,6,6,3,5.37,Low
95,9.97,2.46,4,9,3,4.91,High
89,0.14,3.54,4,2,1,8.99,Low
99,3.8,4.68,2,2,5,7.98,Low
57,6.32,0.95,2,5,2,6.72,Low
64,5.77,3.43,3,6,1,5.32,Low
87,4.47,1.58,7,7,5,4.53,Low
100,6.18,1.26,10,10,1,6.67,Low
93,7.88,0.31,9,1,4,5.64,Low
83,7.8,1.72,4,7,5,5.63,Low
76,3.95,4.74,7,9,5,5.02,Low
68,5.44,1.27,7,5,3,7.46,Low
98,9.98,3.29,6,2,5,8.23,High
56,6.84,3.49,8,6,4,4.31,Low
62,2.58,2.04,1,6,5,7.24,Low
79,6.1,4.02,3,9,3,4.09,High
100,7.45,2.04,5,4,1,5.16,High
75,9.69,3.59,1,5,1,4.68,Low
70,0.03,3.22,1,0,3,7.93,Low
74,8.96,2.2,6,8,4,7.2,Low
57,9.18,3.07,9,6,3,5.05,Low
67,3.6,3.93,5,9,4,6.56,Low
96,1.8,2.28,4,3,3,5.05,Low
70,7.43,4.3,0,5,5,6.46,Low
66,6.12,3.3,7,9,3,6.66,Low
97,1.04,2.81,9,4,5,7.66,Low
80,2.73,0.38,3,10,3,4.9,Low
85,8.76,4.15,3,8,1,7.68,High
66,4.67,4.84,0,8,3,4.86,Low
93,5.34,2.28,3,3,4,4.11,Low
60,9.99,1.26,0,8,3,5.89,Low
100,0.09,0.93,3,0,3,6.51,Low
76,0.19,2.57,1,9,3,6.93,Low
60,6.17,0.39,10,7,3,4.22,Low
91,1.58,3.69,2,3,2,8.33,Low
80,9.77,2.64,10,8,4,8.59,High
51,4.97,2.63,8,4,4,8.94,Low
89,2.9,3.85,1,6,3,4.09,Low
90,0.51,0.08,2,10,1,5.48,Low
53,6.19,2.55,2,7,1,8.01,Low
73,8.25,1.52,3,8,3,8.68,Low
74,6.19,2.39,10,3,5,8.78,Low
54,4.57,4.69,4,1,4,8.72,Low
72,9.68,2.02,9,5,1,7.06,Low
85,6.71,4.54,0,10,1,7.37,High
64,6.43,0.03,9,3,2,8.82,Low
67,3.58,1.63,0,5,2,7.19,Low
63,3.27,4.95,0,3,5,5.23,Low
92,6.14,2.49,8,7,3,7.68,High
84,6.49,1.26,9,9,2,4.17,Low
79,7.55,1.66,7,2,4,7.93,Low
56,2.4,3.16,8,5,3,7.59,Low
87,8.85,3.94,8,8,1,6.64,High
69,1.37,1.83,3,7,2,7.26,Low
67,0.84,4.29,1,4,5,4.21,Low
79,0.75,4.99,0,5,5,4.18,Low
100,4.13,2.7,4,0,4,5.15,Low
55,8.68,4.78,10,0,2,5.68,Low
73,7.47,3.55,2,10,4,8.1,Low
78,1.17,2.84,9,5,1,4.85,Low
68,1.7,0.94,9,6,2,4.99,Low
88,4.65,4.52,2,5,4,8.79,Low
92,1.25,2.1,7,8,5,5.63,Low
72,6.44,3.9,5,4,5,4.68,Low
68,6.72,2.06,8,1,5,8.2,Low
56,6.87,4.38,3,2,2,8.8,Low
76,3.0,1.53,0,7,1,4.99,Low
79,0.31,0.68,8,5,5,6.08,Low
67,1.59,2.52,5,5,3,8.64,Low
98,2.92,0.82,8,5,2,5.14,Low
81,0.3,0.84,4,6,1,6.83,Low
94,4.08,0.85,6,1,1,8.26,Low
62,6.53,1.31,10,4,4,8.61,Low
97,7.2,0.89,3,4,4,8.44,Low
82,7.86,4.94,0,1,4,5.82,High
75,4.35,0.16,5,8,2,6.53,Low
63,3.73,1.11,7,1,2,5.87,Low
73,3.86,1.21,2,8,1,8.35,Low
74,4.29,3.06,7,8,5,5.15,Low
67,6.68,1.82,3,1,3,7.1,Low
54,2.57,0.52,0,6,5,8.94,Low
96,6.05,0.87,2,4,1,5.21,Low
80,0.11,0.44,3,3,4,8.76,Low
96,4.63,0.85,5,2,2,5.67,Low
74,7.11,1.72,5,6,2,6.2,Low
58,6.9,3.74,5,10,2,6.97,Low
53,9.98,0.19,4,3,1,4.05,Low
80,8.28,2.48,3,9,2,8.74,High
86,6.64,3.32,8,0,4,8.63,High
96,8.85,3.25,10,7,4,5.18,High
55,7.96,3.66,9,5,2,7.01,Low
85,8.33,0.42,1,0,2,6.78,Low
70,5.22,2.15,7,10,2,4.35,Low
96,8.3,4.83,7,2,5,8.16,High
88,5.98,1.7,4,8,4,6.53,Low
70,9.32,4.17,8,9,4,8.08,Low
78,4.17,4.13,6,9,2,8.06,Low
98,6.34,0.98,3,2,2,8.07,Low
93,6.36,2.78,7,8,3,4.92,High
64,5.94,2.04,10,6,3,4.94,Low
82,4.08,0.48,5,4,5,7.2,Low
99,3.84,0.02,0,7,3,5.54,Low
72,8.81,4.4,6,4,4,6.75,Low
61,8.86,2.05,9,10,1,6.33,Low
64,8.76,1.55,9,10,3,4.65,Low
57,3.99,0.35,6,10,3,7.68,Low
64,2.98,4.2,9,8,4,8.78,Low
51,4.71,2.86,1,7,2,7.38,Low
82,1.41,2.04,0,8,1,8.09,Low
71,3.16,3.7,1,3,3,8.33,Low
66,1.59,4.31,9,3,2,8.4,Low
99,2.91,4.89,7,6,4,4.76,Low
95,3.7,0.24,1,3,5,7.8,Low
51,1.56,3.88,0,3,5,7.0,Low
93,1.24,0.31,0,7,5,8.5,Low
58,2.96,0.94,5,8,1,7.11,Low
72,0.4,3.01,0,5,3,5.28,Low
80,8.78,4.7,8,4,4,7.71,High
54,4.62,1.45,2,4,3,8.62,Low
69,8.35,1.68,0,2,2,6.83,Low
52,2.84,0.28,5,3,4,8.97,Low
66,6.39,4.71,2,7,2,5.58,Low
76,9.27,0.01,6,7,2,5.69,Low
65,3.29,3.82,4,9,3,8.4,Low
69,1.56,2.78,10,6,1,5.96,Low
82,0.96,0.34,8,9,2,4.81,Low
95,6.06,2.89,9,0,4,6.27,High
57,6.69,2.28,3,10,5,5.2,Low
60,7.28,3.83,5,1,3,6.99,Low
61,4.74,0.52,10,9,1,8.9,Low
96,5.41,2.68,2,8,3,7.82,Low
83,3.13,2.77,1,2,3,6.37,Low
76,4.44,2.59,9,0,2,7.24,Low
60,5.11,2.82,2,6,1,5.38,Low
59,6.69,3.55,2,7,2,4.2,Low
63,6.54,1.36,8,0,3,6.8,Low
93,8.36,3.67,7,8,2,7.46,High
72,2.82,1.18,1,6,3,8.0,Low
87,8.44,1.55,4,2,1,8.35,Low
91,7.24,4.46,10,0,5,7.08,High
77,3.72,3.43,6,4,4,4.86,Low
78,0.34,3.46,2,10,5,5.41,Low
87,9.22,4.06,5,7,3,4.35,High
64,5.7,3.51,8,6,4,7.7,Low
67,6.65,0.69,7,6,3,5.23,Low
69,7.39,0.98,0,2,1,5.79,Low
74,5.51,3.25,8,10,4,8.45,Low
50,1.07,4.97,3,1,1,6.07,Low
88,7.73,0.7,2,9,2,5.78,Low
88,5.49,4.94,7,5,2,7.29,Low
65,3.72,3.87,10,7,2,4.86,Low
75,0.98,4.49,0,9,1,4.51,Low
71,5.55,2.69,6,1,5,4.83,Low
85,9.48,2.48,3,10,3,8.5,High
97,9.34,4.75,9,6,1,8.03,High
57,4.47,3.5,9,7,2,6.1,Low
67,5.99,0.09,5,8,3,5.37,Low
81,1.97,2.25,3,7,1,4.37,Low
65,7.52,3.96,5,3,1,8.36,Low
70,4.81,0.69,8,10,5,4.95,Low
58,3.39,3.19,3,6,4,8.47,Low
80,9.78,4.6,0,0,2,8.53,High
65,7.7,1.63,3,3,4,5.45,Low
82,7.61,1.19,4,3,4,4.41,Low
99,0.7,1.94,1,0,1,8.22,Low
98,8.46,1.45,3,8,4,4.54,Low
91,5.39,0.58,3,9,3,8.41,Low
62,6.76,0.19,2,4,4,7.47,Low
76,6.28,0.42,9,4,2,4.65,Low
60,8.08,0.22,4,9,1,6.01,Low
84,5.28,4.86,4,2,1,7.89,Low
50,5.6,3.9,5,4,5,6.47,Low
51,0.79,4.54,8,9,5,4.26,Low
81,4.41,4.29,3,0,4,8.62,Low
53,9.3,1.72,7,2,1,4.51,Low
61,8.2,4.56,6,2,1,6.05,Low
76,2.48,0.83,2,1,1,4.65,Low
59,5.99,1.15,2,4,2,4.03,Low
77,1.07,2.68,3,3,1,6.74,Low
68,6.37,0.62,9,5,1,7.98,Low
70,8.24,2.88,3,4,3,8.07,Low
95,4.65,0.05,8,4,3,5.75,Low
85,2.43,3.82,10,9,1,4.63,Low
98,6.21,3.69,4,8,1,4.58,High
81,0.51,3.08,3,5,4,6.44,Low
91,8.34,2.24,2,8,5,8.65,High
56,0.3,1.36,0,7,1,5.79,Low
93,1.27,0.29,0,2,1,6.8,Low
87,6.72,2.02,2,5,5,6.86,High
90,5.7,1.05,7,8,2,8.73,Low
50,0.05,3.37,10,0,2,8.74,Low
51,7.88,3.67,0,2,3,7.6,Low
64,0.57,1.68,7,9,5,8.89,Low
65,5.11,4.38,5,4,3,4.72,Low
56,9.29,2.2,5,1,2,8.87,Low
61,6.04,3.75,1,8,1,8.69,Low
100,3.56,0.69,4,4,1,8.26,Low
74,7.85,4.94,5,2,2,7.69,Low
82,1.42,3.58,3,1,5,6.92,Low
58,4.73,3.42,4,1,2,8.46,Low
51,1.52,2.48,2,10,5,8.47,Low
73,8.43,0.25,8,6,5,6.46,Low
94,7.12,0.04,10,10,1,5.12,Low
51,3.61,4.89,0,7,1,8.02,Low
94,9.13,4.28,4,2,3,5.52,High
78,0.06,2.84,4,7,3,5.88,Low
70,2.51,0.16,0,5,4,7.13,Low
61,6.35,0.49,2,4,4,7.5,Low
57,5.02,1.4,9,9,3,5.1,Low
97,1.18,4.4,2,10,2,7.11,Low
96,0.03,0.55,1,10,5,8.53,Low
100,8.27,2.6,6,0,2,5.15,High
86,7.82,4.0,6,9,5,7.93,High
66,2.35,3.7,0,10,4,5.89,Low
59,6.31,0.58,1,3,3,8.78,Low
77,1.36,3.22,1,1,4,4.27,Low
54,4.88,4.47,6,8,1,7.49,Low
56,3.52,4.86,4,10,4,7.34,Low
66,9.45,4.01,0,6,3,4.56,Low
86,3.31,2.01,1,2,3,4.82,Low
85,6.02,3.28,5,1,4,7.66,High
95,5.2,3.33,6,10,2,8.4,Low
98,0.96,2.44,10,5,3,4.05,Low
80,9.52,1.9,0,6,5,4.25,Low
67,9.24,4.15,7,4,1,5.05,Low
